id,title,date,version,pdf,html,markdown,pdf_sha256,pdf_source,metadata_source
95-1013,Bahrain: Issues for U.S. Policy,2026-09-23,191,pdf/reports/95-1013v191-2026-09-23-7998ab5e76ec6946.pdf,html/reports/95-1013v191-2026-09-23-7998ab5e76ec6946-69bb8de33b56.html,markdown/reports/95-1013v191-2026-09-23-7998ab5e76ec6946.md,7998ab5e76ec6946d5641bb5482209dbe9861b4a0e01df3f128def911afd3910,https://www.congress.gov/crs_external_products/RS/PDF/95-1013/95-1013.191.pdf,EveryCRSReport.com
95-1135,The Federal Grand Jury,2025-07-03,12,pdf/reports/95-1135v12-2025-07-03-40e23ed8b4ecfbf3.pdf,html/reports/95-1135v12-2025-07-03-40e23ed8b4ecfbf3-53e3d8d3698c.html,markdown/reports/95-1135v12-2025-07-03-40e23ed8b4ecfbf3.md,40e23ed8b4ecfbf3a16d747999487859d9d391fc62ab49797c2b2a57b66188f4,https://www.congress.gov/crs_external_products/RL/PDF/95-1135/95-1135.12.pdf,EveryCRSReport.com
97-1045,House Rules and Precedents Affecting Committee Markup Procedures,2015-08-26,18,pdf/reports/97-1045v18-2015-08-26-b8fa5b170b2eaf5d.pdf,html/reports/97-1045v18-2015-08-26-b8fa5b170b2eaf5d-ecff3dda0dff.html,markdown/reports/97-1045v18-2015-08-26-b8fa5b170b2eaf5d.md,b8fa5b170b2eaf5df24005b9ad37e719b617648f4909ddb0ab16cd4faaaec479,https://www.congress.gov/crs_external_products/RS/PDF/97-1045/97-1045.18.pdf,EveryCRSReport.com
97-865,Points of Order in the Congressional Budget Process,2015-10-20,25,pdf/reports/97-865v25-2015-10-20-5dc632c8e6fec42d.pdf,html/reports/97-865v25-2015-10-20-5dc632c8e6fec42d-8c7fee3650a7.html,markdown/reports/97-865v25-2015-10-20-5dc632c8e6fec42d.md,5dc632c8e6fec42dde59673acceae43d88b043bebc29984a220172210b8065f2,https://www.congress.gov/crs_external_products/RL/PDF/97-865/97-865.25.pdf,EveryCRSReport.com
98-246,Reporting a Measure from a Senate Committee,2007-09-14,5,pdf/reports/98-246v5-2007-09-14-368dadf0b89855ae.pdf,html/reports/98-246v5-2007-09-14-368dadf0b89855ae-9ae60a16537b.html,markdown/reports/98-246v5-2007-09-14-368dadf0b89855ae.md,368dadf0b89855ae1c6cc5e170cbfb486f0726903c3fb8d68746c4c075ee751a,https://www.congress.gov/crs_external_products/RS/PDF/98-246/98-246.5.pdf,EveryCRSReport.com
98-280,Functional Categories of the Federal Budget,2008-08-19,4,pdf/reports/98-280v4-2008-08-19-f86987b503b1e60c.pdf,html/reports/98-280v4-2008-08-19-f86987b503b1e60c-b7d00f6f8df5.html,markdown/reports/98-280v4-2008-08-19-f86987b503b1e60c.md,f86987b503b1e60cb5c61f6a720a633172ffcfaae370d8f67408b5893a56e320,https://www.congress.gov/crs_external_products/RS/PDF/98-280/98-280.4.pdf,EveryCRSReport.com
98-304,House Committee Hearings: Arranging Witnesses,2015-08-25,13,pdf/reports/98-304v13-2015-08-25-78453090fc138182.pdf,html/reports/98-304v13-2015-08-25-78453090fc138182-211e20bf282f.html,markdown/reports/98-304v13-2015-08-25-78453090fc138182.md,78453090fc138182adbf614fb40537f4793aa1dd9fff9c5003f041fe1fa2169c,https://www.congress.gov/crs_external_products/RS/PDF/98-304/98-304.13.pdf,EveryCRSReport.com
98-309,House Legislative Procedures: Published Sources of Information,2012-11-21,6,pdf/reports/98-309v6-2012-11-21-5df8b97061d09491.pdf,html/reports/98-309v6-2012-11-21-5df8b97061d09491-2f1abda7d4f3.html,markdown/reports/98-309v6-2012-11-21-5df8b97061d09491.md,5df8b97061d0949124c84ea15c2824a7e952c586ad7523fe0793366b8c19a568,https://www.congress.gov/crs_external_products/RS/PDF/98-309/98-309.6.pdf,EveryCRSReport.com
98-354,How Special Rules Regulate Calling up Measures for Consideration in the House,2005-12-05,5,pdf/reports/98-354v5-2005-12-05-36082c91e2646be5.pdf,html/reports/98-354v5-2005-12-05-36082c91e2646be5-e335bfed8a94.html,markdown/reports/98-354v5-2005-12-05-36082c91e2646be5.md,36082c91e2646be5f06363c72d985a21ef24ab31c0682c290285f214fa3a7ac2,https://www.congress.gov/crs_external_products/RS/PDF/98-354/98-354.5.pdf,EveryCRSReport.com
98-380,Senate Conferees: Their Selection and Authority,2015-09-23,13,pdf/reports/98-380v13-2015-09-23-009a56cd21916e1e.pdf,html/reports/98-380v13-2015-09-23-009a56cd21916e1e-8796eb7df88a.html,markdown/reports/98-380v13-2015-09-23-009a56cd21916e1e.md,009a56cd21916e1ec92977c9a2264aa26fbe661a37b714964c5157f1128b4cbf,https://www.congress.gov/crs_external_products/RS/PDF/98-380/98-380.13.pdf,EveryCRSReport.com
98-381,Instructing House Conferees,2021-05-21,12,pdf/reports/98-381v12-2021-05-21-4a1f80bd2f7fad6a.pdf,html/reports/98-381v12-2021-05-21-4a1f80bd2f7fad6a-6261ce95502d.html,markdown/reports/98-381v12-2021-05-21-4a1f80bd2f7fad6a.md,4a1f80bd2f7fad6a22430bca7f8e7e0839f815bba8e17be2578178e5d47bfe77,https://www.everycrsreport.com/files/2021-05-21_98-381_ede38ca3b6dea2b9567fc130ece0d3f108f31da0.pdf,EveryCRSReport.com
98-383,Motions to Recommit in the House,2012-12-03,12,pdf/reports/98-383v12-2012-12-03-d761880f9e8eeec5.pdf,,markdown/reports/98-383v12-2012-12-03-d761880f9e8eeec5.md,d761880f9e8eeec54adfdade6a610f4583fd4ef16afeaf5635a0949161bd5efe,https://www.congress.gov/crs_external_products/RS/PDF/98-383/98-383.12.pdf,Congress.gov API
98-410,Basic Federal Budgeting Terminology,2012-11-26,8,pdf/reports/98-410v8-2012-11-26-9d75944744726175.pdf,,markdown/reports/98-410v8-2012-11-26-9d75944744726175.md,9d75944744726175bd6e17813eca8df00d6673a9f1d8a614503472fb5edc0945,https://www.congress.gov/crs_external_products/RS/PDF/98-410/98-410.8.pdf,Congress.gov API
IF10002,World Trade Organization,2026-09-24,41,pdf/in-focus/IF10002v41-2026-09-24-513828c383a595e9.pdf,html/in-focus/IF10002v41-2026-09-24-513828c383a595e9-d723db9ba3e1.html,markdown/in-focus/IF10002v41-2026-09-24-513828c383a595e9.md,513828c383a595e949cd6b4b1f73231a47c10af932b0f1c8a1c68d12a1991feb,https://www.congress.gov/crs_external_products/IF/PDF/IF10002/IF10002.41.pdf,EveryCRSReport.com
IF10023,The Congressional Review Act (CRA): A Brief Overview,2026-10-01,12,pdf/in-focus/IF10023v12-2026-10-01-95ece8349ec509be.pdf,html/in-focus/IF10023v12-2026-10-01-95ece8349ec509be-79c3e8a3dbca.html,markdown/in-focus/IF10023v12-2026-10-01-95ece8349ec509be.md,95ece8349ec509be2d17239cb2623181dc4889c8a8ae0a99186eb55f0c400c05,https://www.congress.gov/crs_external_products/IF/PDF/IF10023/IF10023.12.pdf,EveryCRSReport.com
IF10039,Proposals to Change the ACA’s Definition of “Full Time” ,2015-01-13,4,pdf/in-focus/IF10039v4-2015-01-13-daa9aa7864aac3d8.pdf,html/in-focus/IF10039v4-2015-01-13-daa9aa7864aac3d8-295d3fb3eb57.html,markdown/in-focus/IF10039v4-2015-01-13-daa9aa7864aac3d8.md,daa9aa7864aac3d85e69e1d69a4fce98b8905ce3a590fb55236970b17da0a164,https://www.everycrsreport.com/files/2015-01-13_IF10039_40b4753851fab0572845d26027f5a5b7794ea07c.pdf,EveryCRSReport.com
IF10045,Cuba: U.S. Policy Overview,2025-01-08,104,pdf/in-focus/IF10045v104-2025-01-08-8724742b80747d34.pdf,html/in-focus/IF10045v104-2025-01-08-8724742b80747d34-f397e78e3ffe.html,markdown/in-focus/IF10045v104-2025-01-08-8724742b80747d34.md,8724742b80747d347350e12a866500515343df0a3da7af36d08c667eb65dc5dd,https://www.congress.gov/crs_external_products/IF/PDF/IF10045/IF10045.104.pdf,EveryCRSReport.com
IF10057,H.R. 37 Derivatives Provision May Create Broader Exemption,2015-03-27,3,pdf/in-focus/IF10057v3-2015-03-27-0f7b4e8a5601edfc.pdf,html/in-focus/IF10057v3-2015-03-27-0f7b4e8a5601edfc-7b2d68f01396.html,markdown/in-focus/IF10057v3-2015-03-27-0f7b4e8a5601edfc.md,0f7b4e8a5601edfc7589e7b4b0855ecd6f25f7b636bfdb607de8969d671702a9,https://www.everycrsreport.com/files/2015-03-27_IF10057_3475a90ccb952aeaee8d18fcf07f38212bcd5262.pdf,EveryCRSReport.com
IF10119,China Primer: U.S.-China Relations,2026-09-22,126,pdf/in-focus/IF10119v126-2026-09-22-1d341fe95172f50c.pdf,html/in-focus/IF10119v126-2026-09-22-1d341fe95172f50c-451f178503f7.html,markdown/in-focus/IF10119v126-2026-09-22-1d341fe95172f50c.md,1d341fe95172f50c34bff03b2e1adb5fe0858360b418ac241f0728dbb94086f5,https://www.everycrsreport.com/files/2026-09-22_IF10119_028c65d9f6e2cac36a7838588400db5ab67c64fc.pdf,EveryCRSReport.com
IF10147,U.S. Circuit and District Court Judges: Profile of Select Demographic Characteristics,2015-03-11,2,pdf/in-focus/IF10147v2-2015-03-11-0143bdd897b46392.pdf,html/in-focus/IF10147v2-2015-03-11-0143bdd897b46392-d552ac952674.html,markdown/in-focus/IF10147v2-2015-03-11-0143bdd897b46392.md,0143bdd897b4639235d5d7261aaa59cfdd93c337019f4a35e3edee2d890e685f,https://www.everycrsreport.com/files/2015-03-11_IF10147_66c7fdf705fba06bfc67489ddf5a4e4b0b0978e7.pdf,EveryCRSReport.com
IF10165,South Korea: Background and U.S. Relations,2026-09-17,66,pdf/in-focus/IF10165v66-2026-09-17-894fee7dcccd5c25.pdf,html/in-focus/IF10165v66-2026-09-17-894fee7dcccd5c25-0b0892b53716.html,markdown/in-focus/IF10165v66-2026-09-17-894fee7dcccd5c25.md,894fee7dcccd5c25b7c8f74908bbb49231d152678e19566d36c440a81bd496f1,https://www.everycrsreport.com/files/2026-09-17_IF10165_96d310ff5fbc6650e71384b88e96c492126439ea.pdf,EveryCRSReport.com
IF10199,U.S.-Japan Relations,2026-10-01,49,pdf/in-focus/IF10199v49-2026-10-01-e3faff240416b8d5.pdf,html/in-focus/IF10199v49-2026-10-01-e3faff240416b8d5-7e211335f896.html,markdown/in-focus/IF10199v49-2026-10-01-e3faff240416b8d5.md,e3faff240416b8d5cc8fcee113e3e68f7a6d4c690916a831ec380c6adfc76c0b,https://www.congress.gov/crs_external_products/IF/PDF/IF10199/IF10199.49.pdf,EveryCRSReport.com
IF10205,Leverage Ratios in Bank Capital Requirements,2015-12-09,4,pdf/in-focus/IF10205v4-2015-12-09-ca641152a7ae2db0.pdf,html/in-focus/IF10205v4-2015-12-09-ca641152a7ae2db0-0cf17d4bce6d.html,markdown/in-focus/IF10205v4-2015-12-09-ca641152a7ae2db0.md,ca641152a7ae2db09fb078470ffee0587e2860fa4def8ad4f85f6754489514f5,https://www.everycrsreport.com/files/2015-12-09_IF10205_3215e18a8158249a9886b8aa75e3e800dab7bbf8.pdf,EveryCRSReport.com
IF10207,Monetary Policy and the Taylor Rule,2014-07-09,2,pdf/in-focus/IF10207v2-2014-07-09-b68c56c13e7904ec.pdf,html/in-focus/IF10207v2-2014-07-09-b68c56c13e7904ec-62260325e942.html,markdown/in-focus/IF10207v2-2014-07-09-b68c56c13e7904ec.md,b68c56c13e7904ec4b384e7bb52171c4ff1552ceb17d20594cf2b2dbfee75b78,https://www.everycrsreport.com/files/2014-07-09_IF10207_54e3f2c5ffd2a8fc9fce2edf86cc304ccb1ccfa1.pdf,EveryCRSReport.com
IF10208,The Liquidity Coverage Ratio and the Net Stable Funding Ratio,2021-03-22,5,pdf/in-focus/IF10208v5-2021-03-22-5ae70617da3a797c.pdf,html/in-focus/IF10208v5-2021-03-22-5ae70617da3a797c-be0cbc53c7a9.html,markdown/in-focus/IF10208v5-2021-03-22-5ae70617da3a797c.md,5ae70617da3a797ca7df0c4df5146c4f9c3981a6d5d2e2d9cdef9429df376beb,https://www.everycrsreport.com/files/2021-03-22_IF10208_11a83b3c6911a54b234092061170de65c29eb21d.pdf,EveryCRSReport.com
IF10277,"Candidates, Groups, and the Campaign Finance Environment: A Brief Overview",2016-03-03,3,pdf/in-focus/IF10277v3-2016-03-03-f3a12d8ef374215f.pdf,html/in-focus/IF10277v3-2016-03-03-f3a12d8ef374215f-5f91349ff6db.html,markdown/in-focus/IF10277v3-2016-03-03-f3a12d8ef374215f.md,f3a12d8ef374215fcb9e3e98d6a6074acc86ede44a84ffcf805effa96ab7112f,https://www.everycrsreport.com/files/2016-03-03_IF10277_fcd58da1250b6786a706f957a86e5c07b033fcd2.pdf,EveryCRSReport.com
IF10292,The Debt Limit,2026-09-21,22,pdf/in-focus/IF10292v22-2026-09-21-35cdcd16a1336080.pdf,html/in-focus/IF10292v22-2026-09-21-35cdcd16a1336080-5fcfe9752b75.html,markdown/in-focus/IF10292v22-2026-09-21-35cdcd16a1336080.md,35cdcd16a1336080efda0eafec4be720caba4c90669cd92b5137d89a8af2df27,https://www.everycrsreport.com/files/2026-09-21_IF10292_e0ba09f69e47a21c569578c96d7765d008c55d05.pdf,EveryCRSReport.com
IF10299,Linking with Constituents: Presentation of Social Media on Member of Congress Websites,2015-10-08,2,pdf/in-focus/IF10299v2-2015-10-08-1dc5309d887f5c7d.pdf,html/in-focus/IF10299v2-2015-10-08-1dc5309d887f5c7d-a7611610fcbd.html,markdown/in-focus/IF10299v2-2015-10-08-1dc5309d887f5c7d.md,1dc5309d887f5c7d818b2c072a2bbd9089c249ea8434f4511df5a74fed0c65ec,https://www.everycrsreport.com/files/2015-10-08_IF10299_59a6d3b942ba483d5f5bd527f913924531e59ef2.pdf,EveryCRSReport.com
IF10331,U.S. Tax Court: A Brief Introduction,2015-12-02,2,pdf/in-focus/IF10331v2-2015-12-02-74d587c6d0fe30e5.pdf,html/in-focus/IF10331v2-2015-12-02-74d587c6d0fe30e5-c5c8629a4d7a.html,markdown/in-focus/IF10331v2-2015-12-02-74d587c6d0fe30e5.md,74d587c6d0fe30e53ba6c647394bd2b9a2c9020f31467c47f3e0d5e48ca11c60,https://www.everycrsreport.com/files/2015-12-02_IF10331_60628d4425f5e5f4a02d118715ecc4c6675f2e7f.pdf,EveryCRSReport.com
IF10453,The Federal Budget: Understanding Fiscal Outcomes,2016-08-17,2,pdf/in-focus/IF10453v2-2016-08-17-cebc912a2fdf4854.pdf,html/in-focus/IF10453v2-2016-08-17-cebc912a2fdf4854-76743682abec.html,markdown/in-focus/IF10453v2-2016-08-17-cebc912a2fdf4854.md,cebc912a2fdf4854d24eb237d8ad3cc040bdc7c23cd5a9876dba02d2bec92fcf,https://www.everycrsreport.com/files/2016-08-17_IF10453_fd739ed6e0c5a875d3b94bb35620acc00d70d1de.pdf,EveryCRSReport.com
IF10458,Congressional Adoption of Vine,2014-04-10,2,pdf/in-focus/IF10458v2-2014-04-10-e000cba17f1e6921.pdf,html/in-focus/IF10458v2-2014-04-10-e000cba17f1e6921-0279662d3ba6.html,markdown/in-focus/IF10458v2-2014-04-10-e000cba17f1e6921.md,e000cba17f1e69216b16fabb83fff4911585332840960c13206914ce649f5402,https://www.everycrsreport.com/files/2014-04-10_IF10458_438d5b10804ae843d8c8854aa9df878b7dd1dbef.pdf,EveryCRSReport.com
IF10464,United Nations Issues: Congressional Representatives to the UN General Assembly,2026-09-18,26,pdf/in-focus/IF10464v26-2026-09-18-f03659492880cd1b.pdf,html/in-focus/IF10464v26-2026-09-18-f03659492880cd1b-247d61d89ff7.html,markdown/in-focus/IF10464v26-2026-09-18-f03659492880cd1b.md,f03659492880cd1b0210e5dd54f717a3a6e2b53abfe1ff7616046c95017444f2,https://www.everycrsreport.com/files/2026-09-18_IF10464_dab9d8d7dae6adfec99753ad80d0cc142af5ab86.pdf,EveryCRSReport.com
IF10525,Defense Primer: National and Defense Intelligence,2026-09-24,20,pdf/in-focus/IF10525v20-2026-09-24-d4212575726d5b90.pdf,html/in-focus/IF10525v20-2026-09-24-d4212575726d5b90-b48cdefd3470.html,markdown/in-focus/IF10525v20-2026-09-24-d4212575726d5b90.md,d4212575726d5b90186b02598275d4672fda577ec0e71196a07e77b7d4ae7233,https://www.congress.gov/crs_external_products/IF/PDF/IF10525/IF10525.20.pdf,EveryCRSReport.com
IF10542,Defense Primer: Control and Command of the U.S. Military,2026-09-11,15,pdf/in-focus/IF10542v15-2026-09-11-f1b875b1fb48aca6.pdf,html/in-focus/IF10542v15-2026-09-11-f1b875b1fb48aca6-f9c5afad7aa3.html,markdown/in-focus/IF10542v15-2026-09-11-f1b875b1fb48aca6.md,f1b875b1fb48aca65d3f4fb07ce4b34b8ca9569fdc13852db44a1fe3fcd50fb1,https://www.everycrsreport.com/files/2026-09-11_IF10542_fd9a8b18065e86235fa3eecb789bda719b0e3948.pdf,EveryCRSReport.com
IF10549,Deficits and Debt,2017-03-06,3,pdf/in-focus/IF10549v3-2017-03-06-f965ceba5ab53fed.pdf,html/in-focus/IF10549v3-2017-03-06-f965ceba5ab53fed-c9b68558fae7.html,markdown/in-focus/IF10549v3-2017-03-06-f965ceba5ab53fed.md,f965ceba5ab53fedc706b8671c83bddb2b7da22aa35ffd2b3f9bebab8286a5e4,https://www.everycrsreport.com/files/2017-03-06_IF10549_d42b7ea9d320f71e66dc5b9561172a1a0f7dd23d.pdf,EveryCRSReport.com
IF10640,Tax Reform: Repatriation of Foreign Earnings,2017-12-04,4,pdf/in-focus/IF10640v4-2017-12-04-0344c76416dcef2c.pdf,html/in-focus/IF10640v4-2017-12-04-0344c76416dcef2c-96e00e845047.html,markdown/in-focus/IF10640v4-2017-12-04-0344c76416dcef2c.md,0344c76416dcef2cec47dc3f467c7cd034a3439882842351079c4063350c83b6,https://www.everycrsreport.com/files/2017-12-04_IF10640_dea8c60c1d0c19205d095e61a4687c49cfe6dbb7.pdf,EveryCRSReport.com
IF10647,The Budget Resolution and the Budget Control Act’s Discretionary Spending Limits,2017-06-07,3,pdf/in-focus/IF10647v3-2017-06-07-92067a47ac04970e.pdf,html/in-focus/IF10647v3-2017-06-07-92067a47ac04970e-3cdc4683f95e.html,markdown/in-focus/IF10647v3-2017-06-07-92067a47ac04970e.md,92067a47ac04970e549317813091ac3bbf8e739c6adef64d407944e77c1e4bf3,https://www.everycrsreport.com/files/2017-06-07_IF10647_43e6af1b9133b22293c06c3ca60b676651ee3e3d.pdf,EveryCRSReport.com
IF10657,Budgetary Effects of the BCA as Amended: The “Parity Principle”,2018-02-23,4,pdf/in-focus/IF10657v4-2018-02-23-a2a9c55bd7cf597e.pdf,html/in-focus/IF10657v4-2018-02-23-a2a9c55bd7cf597e-b83670f7d70c.html,markdown/in-focus/IF10657v4-2018-02-23-a2a9c55bd7cf597e.md,a2a9c55bd7cf597e7d08e5738baf4e0721140943a34337057d0b93ad9d7e6de8,https://www.everycrsreport.com/files/2018-02-23_IF10657_eae36d381b35726d2908f4ba21ef329091fda838.pdf,EveryCRSReport.com
IF10669,Congressional Authorization of New U.S. Circuit and District Court Judgeships,2017-06-12,2,pdf/in-focus/IF10669v2-2017-06-12-435ea35f5febaafb.pdf,html/in-focus/IF10669v2-2017-06-12-435ea35f5febaafb-0b5d01840a5a.html,markdown/in-focus/IF10669v2-2017-06-12-435ea35f5febaafb.md,435ea35f5febaafba0569d6b861c3502af34ef0323888fd65e69ced1a3f0cad5,https://www.everycrsreport.com/files/2017-06-12_IF10669_00e19fd24346448b77de1110edd10b6086ea0e66.pdf,EveryCRSReport.com
IF10680,When Congress Does Not Agree on a Budget Resolution: Use of Existing Budget Enforcement and Deeming Resolutions,2017-06-22,2,pdf/in-focus/IF10680v2-2017-06-22-4975cd2a5fcd150f.pdf,html/in-focus/IF10680v2-2017-06-22-4975cd2a5fcd150f-63f4d521ebdd.html,markdown/in-focus/IF10680v2-2017-06-22-4975cd2a5fcd150f.md,4975cd2a5fcd150f69829d453ea088369728f89aeb7e5adaa28f550baebeaefb,https://www.everycrsreport.com/files/2017-06-22_IF10680_a64f9b6dbaf41d1e393fe2f68f65616130df6205.pdf,EveryCRSReport.com
IF10697,Foreign Money and U.S. Campaign Finance Policy,2019-03-25,3,pdf/in-focus/IF10697v3-2019-03-25-7a4b73e7ba61738b.pdf,html/in-focus/IF10697v3-2019-03-25-7a4b73e7ba61738b-7d7fef7373c6.html,markdown/in-focus/IF10697v3-2019-03-25-7a4b73e7ba61738b.md,7a4b73e7ba61738b691ddf9269fc40833c10478e5f7e80ccfde44f63afa871ef,https://www.everycrsreport.com/files/2019-03-25_IF10697_d3671648bae03215adba5f33094c0da73e2902a9.pdf,EveryCRSReport.com
IF10704,Tax Reform: Estate and Gift Tax,2017-11-17,3,pdf/in-focus/IF10704v3-2017-11-17-78612526e4fff801.pdf,html/in-focus/IF10704v3-2017-11-17-78612526e4fff801-34d15c728105.html,markdown/in-focus/IF10704v3-2017-11-17-78612526e4fff801.md,78612526e4fff801a02212c60d59d1a68fd9fd1c246be99ded7552cc5aecca1b,https://www.everycrsreport.com/files/2017-11-17_IF10704_7542ddf63c617c6395710740fade1dbc786c90fc.pdf,EveryCRSReport.com
IF10705,Tax Reform: The Alternative Minimum Tax,2017-12-04,4,pdf/in-focus/IF10705v4-2017-12-04-42fc6205f31aefed.pdf,html/in-focus/IF10705v4-2017-12-04-42fc6205f31aefed-e226b3a28965.html,markdown/in-focus/IF10705v4-2017-12-04-42fc6205f31aefed.md,42fc6205f31aefed39514f7cd164164f56094b320898bcb2aa8e998d979a0003,https://www.everycrsreport.com/files/2017-12-04_IF10705_2ffe484295beb9c647e29e2449da0d1f82d3dca1.pdf,EveryCRSReport.com
IF10733,U.S.-South Korea Bilateral Trade Relations,2026-09-17,21,pdf/in-focus/IF10733v21-2026-09-17-1294acc24ec9f5b7.pdf,html/in-focus/IF10733v21-2026-09-17-1294acc24ec9f5b7-95f3ace0bb11.html,markdown/in-focus/IF10733v21-2026-09-17-1294acc24ec9f5b7.md,1294acc24ec9f5b77446f708f96acfed6a4f15053069b4ecbacbb29f95e4fa6a,https://www.everycrsreport.com/files/2026-09-17_IF10733_b06292a4160e8051412dff6feab04fa72d585e82.pdf,EveryCRSReport.com
IF10739,Disaster Assistance and Federal Subsidies for Municipal Bonds,2017-09-26,3,pdf/in-focus/IF10739v3-2017-09-26-47f0ffdb66340d5e.pdf,html/in-focus/IF10739v3-2017-09-26-47f0ffdb66340d5e-8220b619f07b.html,markdown/in-focus/IF10739v3-2017-09-26-47f0ffdb66340d5e.md,47f0ffdb66340d5e01d3a3bfa8eac021f991f1ff0550863d16643ca534a89961,https://www.everycrsreport.com/files/2017-09-26_IF10739_1334dabca7f950612c50b07f2b04b985c5394b92.pdf,EveryCRSReport.com
IF10747,Private Securities Offerings: Background and Legislation,2017-10-05,2,pdf/in-focus/IF10747v2-2017-10-05-e0f8697384d57217.pdf,html/in-focus/IF10747v2-2017-10-05-e0f8697384d57217-9459d9ff711b.html,markdown/in-focus/IF10747v2-2017-10-05-e0f8697384d57217.md,e0f8697384d5721732b3ab5a99fdc761f864b93395d75d9f5827ce50c6023241,https://www.everycrsreport.com/files/2017-10-05_IF10747_d90ce46fc63dbc7bf53bce1b1feaa9e1c46ea32b.pdf,EveryCRSReport.com
IF10758,Online Political Advertising: Disclaimers and Policy Issues,2019-03-18,4,pdf/in-focus/IF10758v4-2019-03-18-3b6d6fa676983aa4.pdf,html/in-focus/IF10758v4-2019-03-18-3b6d6fa676983aa4-f97c5cedb38f.html,markdown/in-focus/IF10758v4-2019-03-18-3b6d6fa676983aa4.md,3b6d6fa676983aa4985f31899f2e1f67bf1106a210d9499a7e62483420376ae8,https://www.everycrsreport.com/files/2019-03-18_IF10758_cd2d759e9969849f004b7dc9d1d35eacc9c0d96b.pdf,EveryCRSReport.com
IF10761,The International Joint Commission (IJC),2026-09-30,6,pdf/in-focus/IF10761v6-2026-09-30-a50f976be06dc366.pdf,html/in-focus/IF10761v6-2026-09-30-a50f976be06dc366-ddbcdd87dedd.html,markdown/in-focus/IF10761v6-2026-09-30-a50f976be06dc366.md,a50f976be06dc366e98ab9766e9cd130e88b59712a1e56058f8105d9acc30265,https://www.congress.gov/crs_external_products/IF/PDF/IF10761/IF10761.6.pdf,EveryCRSReport.com
IF10767,Farm Credit Administration and Its Board Members,2026-09-17,22,pdf/in-focus/IF10767v22-2026-09-17-203ca08ed40e2a6a.pdf,html/in-focus/IF10767v22-2026-09-17-203ca08ed40e2a6a-64b21db6a872.html,markdown/in-focus/IF10767v22-2026-09-17-203ca08ed40e2a6a.md,203ca08ed40e2a6a52108968a617d3c2b20163140b5f61f2155eb3291672d76d,https://www.everycrsreport.com/files/2026-09-17_IF10767_19844f8bcdc822917b38391a69b87aaec58096e8.pdf,EveryCRSReport.com
IF10775,Office of Compliance: Background Information,2017-11-16,2,pdf/in-focus/IF10775v2-2017-11-16-4fb0bfd19cafaf4c.pdf,html/in-focus/IF10775v2-2017-11-16-4fb0bfd19cafaf4c-58f04743bf8a.html,markdown/in-focus/IF10775v2-2017-11-16-4fb0bfd19cafaf4c.md,4fb0bfd19cafaf4c3e0a89838689bd48eaa2f35f6850cea341bc5785027ce3cb,https://www.everycrsreport.com/files/2017-11-16_IF10775_3f216e837d857542183f53ecfc263199ea6fe36a.pdf,EveryCRSReport.com
IF10792,Tax Cuts and Jobs Act (H.R. 1): Conference Agreement,2017-12-19,2,pdf/in-focus/IF10792v2-2017-12-19-cf8c7180c9048135.pdf,html/in-focus/IF10792v2-2017-12-19-cf8c7180c9048135-7d26abf8a32c.html,markdown/in-focus/IF10792v2-2017-12-19-cf8c7180c9048135.md,cf8c7180c9048135bdfa17d0f95f7dddb79b090247f94e5cb9b5b922ac7109bc,https://www.everycrsreport.com/files/2017-12-19_IF10792_3855a1ea8a35fd215ffe865ab3d4228660c652b2.pdf,EveryCRSReport.com
IF10796,Comparing Key Elements of H.R. 1 to 2017 Tax Law,2017-12-22,2,pdf/in-focus/IF10796v2-2017-12-22-8611ebcf9155280d.pdf,html/in-focus/IF10796v2-2017-12-22-8611ebcf9155280d-f46b332518d0.html,markdown/in-focus/IF10796v2-2017-12-22-8611ebcf9155280d.md,8611ebcf9155280dbacfbecb5b295de10550a480dbc4b43a74a2bda4ae983b71,https://www.everycrsreport.com/files/2017-12-22_IF10796_16c5ebb4103caa5031415e8236e40be45537199e.pdf,EveryCRSReport.com
IF10804,Financial Reform: Muni Bonds and the LCR,2018-01-10,2,pdf/in-focus/IF10804v2-2018-01-10-234e0f00ec190e12.pdf,html/in-focus/IF10804v2-2018-01-10-234e0f00ec190e12-7ace2ab1ee2c.html,markdown/in-focus/IF10804v2-2018-01-10-234e0f00ec190e12.md,234e0f00ec190e1266aea541b6c9eb3945d1d37af4438e6cbae9a9652c452287,https://www.everycrsreport.com/files/2018-01-10_IF10804_2d294e61d5372fb90111b6196c06a4ef2b0df5e0.pdf,EveryCRSReport.com
IF10812,Financial Reform: Custody Banks and the Supplementary Leverage Ratio ,2018-01-18,2,pdf/in-focus/IF10812v2-2018-01-18-526361c8a45a4a13.pdf,html/in-focus/IF10812v2-2018-01-18-526361c8a45a4a13-02f28f2d02bf.html,markdown/in-focus/IF10812v2-2018-01-18-526361c8a45a4a13.md,526361c8a45a4a13c12d47140eea70a3d85dda3e7a9cc1daf2ee5ce45f557a54,https://www.everycrsreport.com/files/2018-01-18_IF10812_c458fe9d3a3186b93df2ccd34e00631dfa7db665.pdf,EveryCRSReport.com
IF10818,Financial Reform: Savings Associations or “Thrifts”,2018-01-29,2,pdf/in-focus/IF10818v2-2018-01-29-0392b9c5dc22c22a.pdf,html/in-focus/IF10818v2-2018-01-29-0392b9c5dc22c22a-2ab19ca8b30e.html,markdown/in-focus/IF10818v2-2018-01-29-0392b9c5dc22c22a.md,0392b9c5dc22c22a7b06eb4ce427332d41a85f40139b098a98164ea5fe1a2929,https://www.everycrsreport.com/files/2018-01-29_IF10818_f54639fecb6e584a5985905022618060c3e704cb.pdf,EveryCRSReport.com
IF10837,Financial Reform: Small Bank Holding Company Threshold,2018-02-23,3,pdf/in-focus/IF10837v3-2018-02-23-2fb53b79df0baaee.pdf,html/in-focus/IF10837v3-2018-02-23-2fb53b79df0baaee-0d5bd6e27024.html,markdown/in-focus/IF10837v3-2018-02-23-2fb53b79df0baaee.md,2fb53b79df0baaeef8be66c05cc4d54e6b4c9c8a632b1f749892d483da028d83,https://www.everycrsreport.com/files/2018-02-23_IF10837_4364da4061185b927f28b0d7d0ce3355cdcb026b.pdf,EveryCRSReport.com
IF10843,Protection of Federal Government Officials,2021-01-08,unknown,pdf/in-focus/IF10843vunknown-2021-01-08-011512ac8c5fef77.pdf,html/in-focus/IF10843vunknown-2021-01-08-011512ac8c5fef77-36f3942d8727.html,markdown/in-focus/IF10843vunknown-2021-01-08-011512ac8c5fef77.md,011512ac8c5fef77cd45035ca53b30dc1ced48cb8d264c0e5f4cd8650f45039c,https://www.everycrsreport.com/files/20210108_IF10843_6de34c8492822e6e233140706be1bf2ef495fc11.pdf,EveryCRSReport.com
IF10848,Capital Access: SEC Regulation A+ (“Mini-IPO”),2018-03-15,4,pdf/in-focus/IF10848v4-2018-03-15-9a7ad2726cc7130b.pdf,html/in-focus/IF10848v4-2018-03-15-9a7ad2726cc7130b-b27102e1df20.html,markdown/in-focus/IF10848v4-2018-03-15-9a7ad2726cc7130b.md,9a7ad2726cc7130b64fbf59e4c7ca21a7d9b891b13c76596fcd02fdc82a5675e,https://www.everycrsreport.com/files/2018-03-15_IF10848_87fd864c1ea26610b8f017baf43a7ced0b2a0cf3.pdf,EveryCRSReport.com
IF10855,Capital Access: IPO and “IPO On-Ramp”,2018-03-26,2,pdf/in-focus/IF10855v2-2018-03-26-cef6ce09411328cf.pdf,html/in-focus/IF10855v2-2018-03-26-cef6ce09411328cf-9ed1d832997d.html,markdown/in-focus/IF10855v2-2018-03-26-cef6ce09411328cf.md,cef6ce09411328cfcdece96d628185ad98b2d3663243bb3e3bfd377364262d84,https://www.everycrsreport.com/files/2018-03-26_IF10855_139963ab53c7cc41d5a0712d19da0c1de81855c7.pdf,EveryCRSReport.com
IF10913,Defense Primer: FY2018 Department of Defense Audit Results,2019-01-09,5,pdf/in-focus/IF10913v5-2019-01-09-89326f630a0ec7d9.pdf,html/in-focus/IF10913v5-2019-01-09-89326f630a0ec7d9-933a96dc4ad1.html,markdown/in-focus/IF10913v5-2019-01-09-89326f630a0ec7d9.md,89326f630a0ec7d975cb722f718143b4aeb14edc5f1f0c6b0ff7fc177b48e4f7,https://www.everycrsreport.com/files/2019-01-09_IF10913_13d9c4820bfac015d25afbdf8004b210b589e052.pdf,EveryCRSReport.com
IF10923,Financial Reform: Overview of the Volcker Rule,2018-07-09,2,pdf/in-focus/IF10923v2-2018-07-09-a4591d2a10517568.pdf,html/in-focus/IF10923v2-2018-07-09-a4591d2a10517568-67d92e11c35d.html,markdown/in-focus/IF10923v2-2018-07-09-a4591d2a10517568.md,a4591d2a10517568b400a80237665006ebd1ccc7312e70124066fba1f3eba7e0,https://www.everycrsreport.com/files/2018-07-09_IF10923_b1fd6f267f094e2cc53ef661b9ea1b2ce6594d81.pdf,EveryCRSReport.com
IF10925,State Election Reform Payments: FY2018 Appropriations,2018-07-09,4,pdf/in-focus/IF10925v4-2018-07-09-36753a405afca35d.pdf,html/in-focus/IF10925v4-2018-07-09-36753a405afca35d-0e9e0f0f3abf.html,markdown/in-focus/IF10925v4-2018-07-09-36753a405afca35d.md,36753a405afca35dc0809206dde0a8e88f4a21f489d7e1042b38acb55a7474b5,https://www.everycrsreport.com/files/2018-07-09_IF10925_2403933c39c6993283e1e1554e4ab2de08633ecd.pdf,EveryCRSReport.com
IF10935,Technology Service Providers for Banks,2019-06-20,4,pdf/in-focus/IF10935v4-2019-06-20-0cd0fd2801df757f.pdf,html/in-focus/IF10935v4-2019-06-20-0cd0fd2801df757f-0bb2ac70370d.html,markdown/in-focus/IF10935v4-2019-06-20-0cd0fd2801df757f.md,0cd0fd2801df757fd66c2ae3e193e3c40145f764f7127164055190e65817b272,https://www.everycrsreport.com/files/2019-06-20_IF10935_20dc7b08730c1c2b5b17139fd492df1609f3eb7e.pdf,EveryCRSReport.com
IF10969,Naming of House and Senate Office Buildings and Rooms: Brief Overview,2018-09-04,2,pdf/in-focus/IF10969v2-2018-09-04-69e0ec7f63be91e1.pdf,html/in-focus/IF10969v2-2018-09-04-69e0ec7f63be91e1-4b784f0e212a.html,markdown/in-focus/IF10969v2-2018-09-04-69e0ec7f63be91e1.md,69e0ec7f63be91e10a4d620d871f55dfc63b8dc3676a8b07c645237edf8b84c2,https://www.everycrsreport.com/files/2018-09-04_IF10969_4336e744e58c8eb1719cb5709312de1c4bdc4b35.pdf,EveryCRSReport.com
IF11005,Donor Disclosure: 501(c) Groups and Campaign Spending,2018-10-18,2,pdf/in-focus/IF11005v2-2018-10-18-4d293381a5bd0af5.pdf,html/in-focus/IF11005v2-2018-10-18-4d293381a5bd0af5-8face7a036db.html,markdown/in-focus/IF11005v2-2018-10-18-4d293381a5bd0af5.md,4d293381a5bd0af573c31d1d7e223c2b97eb1f4819f94e87d16264f6fda35f82,https://www.everycrsreport.com/files/2018-10-18_IF11005_cbd11678bb48eb73e4ed42809ff92bc818b4bf9a.pdf,EveryCRSReport.com
IF11023,Selected Issues for National Flood Insurance Program (NFIP) Reauthorization and Reform ,2020-10-02,6,pdf/in-focus/IF11023v6-2020-10-02-101bd48286c1b253.pdf,html/in-focus/IF11023v6-2020-10-02-101bd48286c1b253-9b459c97e7c5.html,markdown/in-focus/IF11023v6-2020-10-02-101bd48286c1b253.md,101bd48286c1b2531309c4e16673796403556d137d08fd0cb7fb0f49e17f16a4,https://www.everycrsreport.com/files/2020-10-02_IF11023_5efb6b1f0ba775c4611ea6c45ff610941460d68b.pdf,EveryCRSReport.com
IF11063,2019 Tax Filing Season (2018 Tax Year): The Mortgage Interest Deduction,2019-01-08,5,pdf/in-focus/IF11063v5-2019-01-08-800fd285ef00e1a1.pdf,html/in-focus/IF11063v5-2019-01-08-800fd285ef00e1a1-0ab18913d689.html,markdown/in-focus/IF11063v5-2019-01-08-800fd285ef00e1a1.md,800fd285ef00e1a16391ba38e4feb3ee12e30891acadc6470858532fa881dddb,https://www.everycrsreport.com/files/2019-01-08_IF11063_3c8ce7529627457ea7cc319237a7b44d0f22b190.pdf,EveryCRSReport.com
IF11097,H.R. 1 and S. 1: Overview and Related CRS Products,2021-05-17,5,pdf/in-focus/IF11097v5-2021-05-17-01786cf1e99e7d31.pdf,html/in-focus/IF11097v5-2021-05-17-01786cf1e99e7d31-9c364a6617cd.html,markdown/in-focus/IF11097v5-2021-05-17-01786cf1e99e7d31.md,01786cf1e99e7d319f28496c641ca8840b06cb798af037926028a14187416f6b,https://www.everycrsreport.com/files/2021-05-17_IF11097_794db2a73fe9e086a1ac0297600a96b6bfd0bf66.pdf,EveryCRSReport.com
IF11120,U.S.-Japan Trade Agreements and Tariff Negotiations,2026-09-22,26,pdf/in-focus/IF11120v26-2026-09-22-3f29569aba5c360a.pdf,html/in-focus/IF11120v26-2026-09-22-3f29569aba5c360a-42c5fa96ab75.html,markdown/in-focus/IF11120v26-2026-09-22-3f29569aba5c360a.md,3f29569aba5c360a6e5dca092064a3c7a0dd944dc31646de83ca33c55326caaf,https://www.everycrsreport.com/files/2026-09-22_IF11120_7ff472cfe247f634ffb5d9a48a5ee590886ddd12.pdf,EveryCRSReport.com
IF11129,Wells Fargo—A Timeline of Recent Consumer Protection and Corporate Governance Scandals,2020-02-27,4,pdf/in-focus/IF11129v4-2020-02-27-e54c6b5c5bf208bf.pdf,html/in-focus/IF11129v4-2020-02-27-e54c6b5c5bf208bf-f3f27329334a.html,markdown/in-focus/IF11129v4-2020-02-27-e54c6b5c5bf208bf.md,e54c6b5c5bf208bf9f112cd353f7dbc641ba0dc995baae1a01c0935445bbe490,https://www.everycrsreport.com/files/2020-02-27_IF11129_77ea4337aa38f6afc93f8466044c2ece6308fdf7.pdf,EveryCRSReport.com
IF11168,"Judiciary Budget Request, FY2020",2019-04-03,1,pdf/in-focus/IF11168v1-2019-04-03-a10cd8ab3719682a.pdf,html/in-focus/IF11168v1-2019-04-03-a10cd8ab3719682a-a03eb3393912.html,markdown/in-focus/IF11168v1-2019-04-03-a10cd8ab3719682a.md,a10cd8ab3719682a214c4f7878c905e6df45caca48eaec2942ddeac3018916cd,https://www.everycrsreport.com/files/2019-04-03_IF11168_158dadfaeadf43a57973e91fde69467655cff43b.pdf,EveryCRSReport.com
IF11174,The SECURE Act and the Retirement Enhancement and Savings Act Tax Proposals (H.R. 1994 and S. 972),2020-01-10,8,pdf/in-focus/IF11174v8-2020-01-10-ef08a0c67d86d591.pdf,html/in-focus/IF11174v8-2020-01-10-ef08a0c67d86d591-c7198f336c00.html,markdown/in-focus/IF11174v8-2020-01-10-ef08a0c67d86d591.md,ef08a0c67d86d591707a6f237dd1774c99c3fce3ee25babab4dd38addfbe3a4a,https://www.everycrsreport.com/files/2020-01-10_IF11174_0a8029c94d8f5f440bf98a01872d93e8e3648b9a.pdf,EveryCRSReport.com
IF11176,IRS Reform and the Taxpayer First Act of 2019,2019-04-10,1,pdf/in-focus/IF11176v1-2019-04-10-a8f9e598ef6a3256.pdf,html/in-focus/IF11176v1-2019-04-10-a8f9e598ef6a3256-bf1b09d94b9a.html,markdown/in-focus/IF11176v1-2019-04-10-a8f9e598ef6a3256.md,a8f9e598ef6a32564f7c19ff5f17245fbe75c8ddc11d0a6d69499024be829eb8,https://www.everycrsreport.com/files/2019-04-10_IF11176_78dadde206c804682493fb860da0f9ac78a6ab36.pdf,EveryCRSReport.com
IF11218,Ecuador: Country Overview and U.S. Relations,2025-08-18,21,pdf/in-focus/IF11218v21-2025-08-18-ccfeed1633197204.pdf,html/in-focus/IF11218v21-2025-08-18-ccfeed1633197204-15f1b6875465.html,markdown/in-focus/IF11218v21-2025-08-18-ccfeed1633197204.md,ccfeed1633197204c330dca3694bd4375b4b4e3f0230ffc872fdb9c36b905654,https://www.everycrsreport.com/files/2025-08-18_IF11218_ccc8073232085186beac17a53a3d5d029a718c74.pdf,EveryCRSReport.com
IF11220,Electronic Messaging Recordkeeping Requirements,2019-05-21,1,pdf/in-focus/IF11220v1-2019-05-21-2e55c6ca30c8d5d1.pdf,html/in-focus/IF11220v1-2019-05-21-2e55c6ca30c8d5d1-5b0b772329d9.html,markdown/in-focus/IF11220v1-2019-05-21-2e55c6ca30c8d5d1.md,2e55c6ca30c8d5d1256242b1fc18ca29aa1ca96afd1990ef412ceed2011f0959,https://www.everycrsreport.com/files/2019-05-21_IF11220_b2a043d736a2b5eb5e9155424a68602a022cca38.pdf,EveryCRSReport.com
IF11221,Introduction to Financial Services: Corporate Governance,2020-02-03,3,pdf/in-focus/IF11221v3-2020-02-03-5266aa25904d226e.pdf,html/in-focus/IF11221v3-2020-02-03-5266aa25904d226e-e89ba28f4171.html,markdown/in-focus/IF11221v3-2020-02-03-5266aa25904d226e.md,5266aa25904d226e896235c1339d983501deae1bc696cc6fef0b1581a2207d73,https://www.everycrsreport.com/files/2020-02-03_IF11221_cac876fcfe2740bacf8c1c502e8cb44b4c4b4bde.pdf,EveryCRSReport.com
IF11254,Major Features of 529 Plans and Coverdells,2019-06-20,2,pdf/in-focus/IF11254v2-2019-06-20-d0448032adff7d36.pdf,html/in-focus/IF11254v2-2019-06-20-d0448032adff7d36-3575a59489e7.html,markdown/in-focus/IF11254v2-2019-06-20-d0448032adff7d36.md,d0448032adff7d36d8e0b88b4fc9c3e5718ab278f5a8e85f7a37f2aa9efdb7d2,https://www.everycrsreport.com/files/2019-06-20_IF11254_1f7074264e5dc522ccc04eb2698790cd41bc9a38.pdf,EveryCRSReport.com
IF11269,An Economic Perspective of Income Share Agreements,2019-07-15,1,pdf/in-focus/IF11269v1-2019-07-15-edaaafbe913deeb8.pdf,html/in-focus/IF11269v1-2019-07-15-edaaafbe913deeb8-a993528a7b29.html,markdown/in-focus/IF11269v1-2019-07-15-edaaafbe913deeb8.md,edaaafbe913deeb8dabc734d28cfee83146cd0a9c3cdb042d85cda97ab2ac775,https://www.everycrsreport.com/files/2019-07-15_IF11269_3cbae24835a3ed367b24916d1e830d156fd53f26.pdf,EveryCRSReport.com
IF11285,Election Security: Voter Registration System Policy Issues,2019-08-07,1,pdf/in-focus/IF11285v1-2019-08-07-0f4d055eef666369.pdf,html/in-focus/IF11285v1-2019-08-07-0f4d055eef666369-fb7ec19357b4.html,markdown/in-focus/IF11285v1-2019-08-07-0f4d055eef666369.md,0f4d055eef666369a25d248e18140654e26d473e5546de41469eb7a1f2e646d3,https://www.everycrsreport.com/files/2019-08-07_IF11285_fda72475366baed95c1b16ce77bc2e3f8ac6c0fe.pdf,EveryCRSReport.com
IF11305,Why Subsidize Homeownership? A Review of the Rationales,2019-09-06,1,pdf/in-focus/IF11305v1-2019-09-06-e8d6aee0f0839094.pdf,html/in-focus/IF11305v1-2019-09-06-e8d6aee0f0839094-f46cb6351883.html,markdown/in-focus/IF11305v1-2019-09-06-e8d6aee0f0839094.md,e8d6aee0f08390948dcbd8456f5ecfb8adafb89123654fbb5beb816aec64cdca,https://www.everycrsreport.com/files/2019-09-06_IF11305_756ed5f23f5de1b2353b25a17a30e0618c94f3f6.pdf,EveryCRSReport.com
IF11320,Money Market Mutual Funds: A Financial Stability Case Study,2020-03-24,3,pdf/in-focus/IF11320v3-2020-03-24-8c9f35685ad6be1b.pdf,html/in-focus/IF11320v3-2020-03-24-8c9f35685ad6be1b-2f60f6e72e20.html,markdown/in-focus/IF11320v3-2020-03-24-8c9f35685ad6be1b.md,8c9f35685ad6be1b9f6c8184b83428c148c8651c88f351a152dba698d11c65d2,https://www.everycrsreport.com/files/2020-03-24_IF11320_675792f51b5795713efaf7cccaad6b2dc271d15e.pdf,EveryCRSReport.com
IF11341,Could the Global Legal Entity Identifier Be Useful for Financial Transparency Legislation in the 116th Congress?,2019-10-22,1,pdf/in-focus/IF11341v1-2019-10-22-c916acd42455b416.pdf,html/in-focus/IF11341v1-2019-10-22-c916acd42455b416-449189ef7609.html,markdown/in-focus/IF11341v1-2019-10-22-c916acd42455b416.md,c916acd42455b4164a47a1220ce7a77bd0b1f487154e4df60960b6918a5e16fe,https://www.everycrsreport.com/files/2019-10-22_IF11341_8137259d627ebd6f6d7828c0573a9bc29e49e27c.pdf,EveryCRSReport.com
IF11346,Section 301 of the Trade Act of 1974,2026-07-02,35,pdf/in-focus/IF11346v35-2026-07-02-c55d8f306c4d8d68.pdf,html/in-focus/IF11346v35-2026-07-02-c55d8f306c4d8d68-05f8b71198fa.html,markdown/in-focus/IF11346v35-2026-07-02-c55d8f306c4d8d68.md,c55d8f306c4d8d683aa80d507a37ac8e5c80d2578350a2644595d5d9b8d7bd31,https://www.congress.gov/crs_external_products/IF/PDF/IF11346/IF11346.35.pdf,EveryCRSReport.com
IF11349,Lawsuits Against the Federal Government: Basic Federal Court Procedure and Timelines,2026-10-06,4,pdf/in-focus/IF11349v4-2026-10-06-e8508d1db3f2fe85.pdf,html/in-focus/IF11349v4-2026-10-06-e8508d1db3f2fe85-104afd95c4f6.html,markdown/in-focus/IF11349v4-2026-10-06-e8508d1db3f2fe85.md,e8508d1db3f2fe85a2e987b3adb0d3ff845be4e9c7950cb2ab1a7c663db73252,https://www.congress.gov/crs_external_products/IF/PDF/IF11349/IF11349.4.pdf,EveryCRSReport.com
IF11357,Expedited Removal of Aliens: An Introduction,2026-09-18,6,pdf/in-focus/IF11357v6-2026-09-18-c729d1ea72f5b046.pdf,html/in-focus/IF11357v6-2026-09-18-c729d1ea72f5b046-2427e1e3b12e.html,markdown/in-focus/IF11357v6-2026-09-18-c729d1ea72f5b046.md,c729d1ea72f5b046d6d8ed66313f51c7822f2814f6aed3a98b70b784d4099c38,https://www.everycrsreport.com/files/2026-09-18_IF11357_316d063ed532a57953cefd456390c75407c213d3.pdf,EveryCRSReport.com
IF11358,Presidential Directives: An Introduction,2019-11-13,1,pdf/in-focus/IF11358v1-2019-11-13-51d324edcba8918b.pdf,html/in-focus/IF11358v1-2019-11-13-51d324edcba8918b-b167d82be93e.html,markdown/in-focus/IF11358v1-2019-11-13-51d324edcba8918b.md,51d324edcba8918b707f25062b57084854cdd520dea10450d54ab625aba50d72,https://www.everycrsreport.com/files/2019-11-13_IF11358_af6b8d236534d553e4aa946848bb0b6c2042024f.pdf,EveryCRSReport.com
IF11365,U.S. Court of Appeals for Veterans Claims: A Brief Introduction,2026-09-16,4,pdf/in-focus/IF11365v4-2026-09-16-fb66331fb9807c43.pdf,html/in-focus/IF11365v4-2026-09-16-fb66331fb9807c43-0bf95504c35e.html,markdown/in-focus/IF11365v4-2026-09-16-fb66331fb9807c43.md,fb66331fb9807c436f30844cec22b2babf53e955c95ed2a636d7ab5c57f7f5f5,https://www.everycrsreport.com/files/2026-09-16_IF11365_d2bd2a0975440fa19b47bab2534278f6b51fd76a.pdf,EveryCRSReport.com
IF11383,Repurchase Agreements (Repos): A Primer,2019-12-09,1,pdf/in-focus/IF11383v1-2019-12-09-7d9c89cea8db676b.pdf,html/in-focus/IF11383v1-2019-12-09-7d9c89cea8db676b-e131be70b092.html,markdown/in-focus/IF11383v1-2019-12-09-7d9c89cea8db676b.md,7d9c89cea8db676bfa470c5397e238ff54d0bf43cbfba6a34d0eed414caf58a7,https://www.everycrsreport.com/files/2019-12-09_IF11383_781aea0edd24c4059684040a135086dbb4606ff7.pdf,EveryCRSReport.com
IF11392,H.R. 1865 and the Look-Through Treatment of Payments Between Related Controlled Foreign Corporations,2020-01-10,2,pdf/in-focus/IF11392v2-2020-01-10-226029b127c05be4.pdf,html/in-focus/IF11392v2-2020-01-10-226029b127c05be4-62da5acf81aa.html,markdown/in-focus/IF11392v2-2020-01-10-226029b127c05be4.md,226029b127c05be49082da487f0ad1bcd032483fb843b1b25c5eff20470485a8,https://www.everycrsreport.com/files/2020-01-10_IF11392_23c2f284ce03c3058c851830ade135988c022bfd.pdf,EveryCRSReport.com
IF11454,"Telework in Executive Agencies: Background, OPM Guidance, and 116th Congress Legislation Following Coronavirus",2020-03-16,3,pdf/in-focus/IF11454v3-2020-03-16-3e9a3a799afcb595.pdf,html/in-focus/IF11454v3-2020-03-16-3e9a3a799afcb595-e606204b17c5.html,markdown/in-focus/IF11454v3-2020-03-16-3e9a3a799afcb595.md,3e9a3a799afcb595b05799410792dbb4080ab0cc55f157411fca1abb7f75ae14,https://www.everycrsreport.com/files/2020-03-16_IF11454_dd1d3f7471e5c54c4d8b6c6e55a1b56b947b0b74.pdf,EveryCRSReport.com
IF11468,Federal Executive Agencies: Hiring Flexibilities for Emergency Situations,2020-03-19,1,pdf/in-focus/IF11468v1-2020-03-19-5792abdc64d0311b.pdf,html/in-focus/IF11468v1-2020-03-19-5792abdc64d0311b-589117f8f617.html,markdown/in-focus/IF11468v1-2020-03-19-5792abdc64d0311b.md,5792abdc64d0311ba4dd2718855aea190d9f9251eb353041f5864b3962f1c92a,https://www.everycrsreport.com/files/2020-03-19_IF11468_1243ad3e5fefdc100ebf19bcb3f89ec6b060d241.pdf,EveryCRSReport.com
IF11469,The Cyberspace Solarium Commission: Illuminating Options for Layered Deterrence,2020-03-20,1,pdf/in-focus/IF11469v1-2020-03-20-ce19196bf1f71b11.pdf,html/in-focus/IF11469v1-2020-03-20-ce19196bf1f71b11-7f6f597cbb76.html,markdown/in-focus/IF11469v1-2020-03-20-ce19196bf1f71b11.md,ce19196bf1f71b11699be97ae44c6e5023117a6da9cc484489434f5dda17df6b,https://www.everycrsreport.com/files/2020-03-20_IF11469_3c9276096ea327c3def0ccb22403564a4c0d1a79.pdf,EveryCRSReport.com
IF11473,Congressional Use of Advisory Commissions Following Crises,2020-03-25,1,pdf/in-focus/IF11473v1-2020-03-25-054752472b3af6e2.pdf,html/in-focus/IF11473v1-2020-03-25-054752472b3af6e2-685773a75c41.html,markdown/in-focus/IF11473v1-2020-03-25-054752472b3af6e2.md,054752472b3af6e2db72eeb1822819117c0e9beabbef08bddd9f793ea82d4f4b,https://www.everycrsreport.com/files/2020-03-25_IF11473_dad0682401b6cfc43a4483946ee8e2963b96a976.pdf,EveryCRSReport.com
IF11502,State and Local Government Debt and COVID-19,2020-04-10,1,pdf/in-focus/IF11502v1-2020-04-10-b890dfb03d303aad.pdf,html/in-focus/IF11502v1-2020-04-10-b890dfb03d303aad-56f76dff279b.html,markdown/in-focus/IF11502v1-2020-04-10-b890dfb03d303aad.md,b890dfb03d303aad298456adff377788405fc9275f09f5248b706c83c17dd3b4,https://www.everycrsreport.com/files/2020-04-10_IF11502_83d8e470778180edaad89e415a2e26076f7f84ed.pdf,EveryCRSReport.com
IF11506,Stock Buybacks and Company Executives’ Profits,2020-04-16,1,pdf/in-focus/IF11506v1-2020-04-16-9be6bba5729f52b7.pdf,html/in-focus/IF11506v1-2020-04-16-9be6bba5729f52b7-214ea163b405.html,markdown/in-focus/IF11506v1-2020-04-16-9be6bba5729f52b7.md,9be6bba5729f52b70b99a64d8909530f4d0daa13afd50917e7f6fe333fefa4fa,https://www.everycrsreport.com/files/2020-04-16_IF11506_2f6def07a12fee9d12603c5f870b751683b6c61f.pdf,EveryCRSReport.com
IF11511,The Role of Regional Development Organizations (RDOs) in Economic Development,2020-04-17,1,pdf/in-focus/IF11511v1-2020-04-17-6d928dd076ba3b28.pdf,html/in-focus/IF11511v1-2020-04-17-6d928dd076ba3b28-0bb301d02a4c.html,markdown/in-focus/IF11511v1-2020-04-17-6d928dd076ba3b28.md,6d928dd076ba3b28b5032db71a21aa790cfdf43f6612825bef73eb24cbf9ee79,https://www.everycrsreport.com/files/2020-04-17_IF11511_61d12a5c90771697c0179cc8eb784e10546fb2c9.pdf,EveryCRSReport.com
IF11534,"Judiciary Budget Request, FY2021",2020-05-05,1,pdf/in-focus/IF11534v1-2020-05-05-f2bbe6370014f829.pdf,html/in-focus/IF11534v1-2020-05-05-f2bbe6370014f829-3bf7af25bef6.html,markdown/in-focus/IF11534v1-2020-05-05-f2bbe6370014f829.md,f2bbe6370014f829c35bc5b2e9daee3ae9880e380972b08fae707290a3cba91e,https://www.everycrsreport.com/files/2020-05-05_IF11534_c0c562fe64d89e065bf7a1a76d1fcecd7b31d0f8.pdf,EveryCRSReport.com
IF11535,The Tax Treatment of Canceled Mortgage Debt ,2021-01-14,2,pdf/in-focus/IF11535v2-2021-01-14-2a8b99a9a77c8589.pdf,html/in-focus/IF11535v2-2021-01-14-2a8b99a9a77c8589-7c9191d106fa.html,markdown/in-focus/IF11535v2-2021-01-14-2a8b99a9a77c8589.md,2a8b99a9a77c85891ea252106ef88501a454bd31358fbf5a901702758074bec2,https://www.everycrsreport.com/files/2021-01-14_IF11535_75fe00d6e7c450c12d6ac0e357c89bce7e501e1d.pdf,EveryCRSReport.com
IF11557,"Congress, the Judiciary, and Federal Court Procedure",2026-09-16,2,pdf/in-focus/IF11557v2-2026-09-16-c0976f464ea8b997.pdf,html/in-focus/IF11557v2-2026-09-16-c0976f464ea8b997-65653c6590c1.html,markdown/in-focus/IF11557v2-2026-09-16-c0976f464ea8b997.md,c0976f464ea8b997056d4030d31d7c21a1c49db26302f806bb40e7255adee614,https://www.everycrsreport.com/files/2026-09-16_IF11557_6a20bce15b137ac259b063518072f508e5af32a8.pdf,EveryCRSReport.com
IF11620,The Office of Federal Financial Management: An Overview,2020-08-13,1,pdf/in-focus/IF11620v1-2020-08-13-57e610252d1f818b.pdf,html/in-focus/IF11620v1-2020-08-13-57e610252d1f818b-78387f570451.html,markdown/in-focus/IF11620v1-2020-08-13-57e610252d1f818b.md,57e610252d1f818bb10a7aaaeb09fa2ff544fb09a854baaceaf0ab10df26d355,https://www.everycrsreport.com/files/2020-08-13_IF11620_2e263e7fd5c5ea8b1c33bd713c4468ccdb0625ca.pdf,EveryCRSReport.com
IF11621,COVID-19: The Federal Reserve’s Municipal Liquidity Facility,2020-08-14,1,pdf/in-focus/IF11621v1-2020-08-14-bbc136def8dc9a94.pdf,html/in-focus/IF11621v1-2020-08-14-bbc136def8dc9a94-3e4c1de0f8c4.html,markdown/in-focus/IF11621v1-2020-08-14-bbc136def8dc9a94.md,bbc136def8dc9a94542e8b2a221294f60c096214e1903d3571c8ef1dafea65fe,https://www.everycrsreport.com/files/2020-08-14_IF11621_51d78c474af07a05c45d71459053f57fbd0bc526.pdf,EveryCRSReport.com
IF11632,The Federal Reserve’s Main Street Lending Program,2020-11-04,4,pdf/in-focus/IF11632v4-2020-11-04-d94eb634f59d4891.pdf,html/in-focus/IF11632v4-2020-11-04-d94eb634f59d4891-7b55589ab3fc.html,markdown/in-focus/IF11632v4-2020-11-04-d94eb634f59d4891.md,d94eb634f59d48916bffa9774ca95274cb44f4f915f5d3c248669f9c34c3cf2f,https://www.everycrsreport.com/files/2020-11-04_IF11632_f39224d32fddf31206907e072a486c828260f46e.pdf,EveryCRSReport.com
IF11637,"Trends in Commemorative Legislation, 93rd Through 115th Congresses",2020-08-31,1,pdf/in-focus/IF11637v1-2020-08-31-b580118b909914d6.pdf,html/in-focus/IF11637v1-2020-08-31-b580118b909914d6-d89242eafb93.html,markdown/in-focus/IF11637v1-2020-08-31-b580118b909914d6.md,b580118b909914d67f9958f529f8690a1d16d72e08f85f8974beefa752ed086a,https://www.everycrsreport.com/files/2020-08-31_IF11637_f7e7d61dd4721eb52f6eb6a10297141af0bc4a8a.pdf,EveryCRSReport.com
IF11653,"Direct Listings, an Alternative to Stock-based Initial Public Offerings (IPOs)",2020-09-21,1,pdf/in-focus/IF11653v1-2020-09-21-678b49b7ff05f23e.pdf,html/in-focus/IF11653v1-2020-09-21-678b49b7ff05f23e-17d42388d36f.html,markdown/in-focus/IF11653v1-2020-09-21-678b49b7ff05f23e.md,678b49b7ff05f23e887dd9d87463c851db21e99e67d93dcdccee54ca49aee2a0,https://www.everycrsreport.com/files/2020-09-21_IF11653_db68d3671844a19ee4a1754e754d606ee26a6b52.pdf,EveryCRSReport.com
IF11655,SPAC IPO: Background and Policy Issues,2021-04-05,4,pdf/in-focus/IF11655v4-2021-04-05-83a2b20f6aee4398.pdf,html/in-focus/IF11655v4-2021-04-05-83a2b20f6aee4398-4bbd009002bf.html,markdown/in-focus/IF11655v4-2021-04-05-83a2b20f6aee4398.md,83a2b20f6aee43983b6aa3542e644f7fd19d008a4a02b3bb0dbe28705fbf49be,https://www.everycrsreport.com/files/2021-04-05_IF11655_4d2b4bdd53b31f9f185a499f19dd4c8a11e42fae.pdf,EveryCRSReport.com
IF11663,"Robinhood, the Fintech Discount Broker: Recent Developments and Concerns",2020-10-08,1,pdf/in-focus/IF11663v1-2020-10-08-6802912d0e3a9f3a.pdf,html/in-focus/IF11663v1-2020-10-08-6802912d0e3a9f3a-e4c2ed6dfab9.html,markdown/in-focus/IF11663v1-2020-10-08-6802912d0e3a9f3a.md,6802912d0e3a9f3ad50d6f440510a82a38be2cc0e61884766ad69e2025745902,https://www.everycrsreport.com/files/2020-10-08_IF11663_940cc7216f9ece792c94c912073214a357baf09d.pdf,EveryCRSReport.com
IF11673,“Zombie” Companies: Background and Policy Issues,2020-10-29,1,pdf/in-focus/IF11673v1-2020-10-29-6fc27e21add39e4b.pdf,html/in-focus/IF11673v1-2020-10-29-6fc27e21add39e4b-16678911f485.html,markdown/in-focus/IF11673v1-2020-10-29-6fc27e21add39e4b.md,6fc27e21add39e4be41454033ca08aa0721124fea0020249de85bbbe71a10bd9,https://www.everycrsreport.com/files/2020-10-29_IF11673_4c26b24896b44d8fead418dbc6d07292399a9622.pdf,EveryCRSReport.com
IF11698,Legislative Proposals Related to the Removal of Inspectors General in the 116th Congress,2020-12-09,2,pdf/in-focus/IF11698v2-2020-12-09-1c03eeb98348344f.pdf,html/in-focus/IF11698v2-2020-12-09-1c03eeb98348344f-0ecb0897ab3c.html,markdown/in-focus/IF11698v2-2020-12-09-1c03eeb98348344f.md,1c03eeb98348344fb76f06e264dc5d83d0ae20924c006a862e5e3d4baa6b61ae,https://www.everycrsreport.com/files/2020-12-09_IF11698_e866223434786b0c88013af96d0776d08291d2c6.pdf,EveryCRSReport.com
IF11721,The Employee Retention and Employee Retention and Rehiring Tax Credits,2021-01-07,1,pdf/in-focus/IF11721v1-2021-01-07-36ba390cca385262.pdf,html/in-focus/IF11721v1-2021-01-07-36ba390cca385262-8b7a2e3d1d18.html,markdown/in-focus/IF11721v1-2021-01-07-36ba390cca385262.md,36ba390cca3852621dee1f93a8cbbdadbba02131f768e787c54c00c1d17c0240,https://www.everycrsreport.com/files/2021-01-07_IF11721_51b4e9df9a1c2efb100524941887ddc064a79bd2.pdf,EveryCRSReport.com
IF11755,The Marine Corps’ Amphibious Combat Vehicle,2026-10-06,20,pdf/in-focus/IF11755v20-2026-10-06-eac22edf9469f6c9.pdf,html/in-focus/IF11755v20-2026-10-06-eac22edf9469f6c9-d665e1e319f3.html,markdown/in-focus/IF11755v20-2026-10-06-eac22edf9469f6c9.md,eac22edf9469f6c9e01aece26bc6cb16c17369bd11ec1c09a8a9a201957fed44,https://www.congress.gov/crs_external_products/IF/PDF/IF11755/IF11755.20.pdf,EveryCRSReport.com
IF11761,The Qualified Mortgage (QM) Rule and Recent Revisions,2021-03-11,2,pdf/in-focus/IF11761v2-2021-03-11-236bdaef21dae295.pdf,html/in-focus/IF11761v2-2021-03-11-236bdaef21dae295-33493a99371a.html,markdown/in-focus/IF11761v2-2021-03-11-236bdaef21dae295.md,236bdaef21dae295f446fd9c50556e950a8952aab3ab3c4bd540077fc7871e8f,https://www.everycrsreport.com/files/2021-03-11_IF11761_4378c8c1fcc4137f765d405279a204be226c9ac4.pdf,EveryCRSReport.com
IF11794,Federal Resources for State and Local Economic Development,2021-03-22,1,pdf/in-focus/IF11794v1-2021-03-22-be0dd7ed53bda11f.pdf,html/in-focus/IF11794v1-2021-03-22-be0dd7ed53bda11f-a4a5056f0aa4.html,markdown/in-focus/IF11794v1-2021-03-22-be0dd7ed53bda11f.md,be0dd7ed53bda11fecf128c81ef78e3ddb5e3941981baa3f0c9ea529141dad63,https://www.everycrsreport.com/files/2021-03-22_IF11794_d0ccc8347f3c78a83574d623c5967b0c94cbac61.pdf,EveryCRSReport.com
IF11800,Broker-Dealers and Payment for Order Flow,2021-04-02,1,pdf/in-focus/IF11800v1-2021-04-02-ea7927f670540ff3.pdf,html/in-focus/IF11800v1-2021-04-02-ea7927f670540ff3-0094b81a9787.html,markdown/in-focus/IF11800v1-2021-04-02-ea7927f670540ff3.md,ea7927f670540ff3d3bed9bb1e833e998a5da30fcf45b13b66d1499078dccbdb,https://www.everycrsreport.com/files/2021-04-02_IF11800_b8cd7c0feeb931ebfeb1ef0655e3bc0eac9756b1.pdf,EveryCRSReport.com
IF11806,Citizenship and Immigration Statuses of the U.S. Foreign-Born Population,2026-09-22,11,pdf/in-focus/IF11806v11-2026-09-22-377ddb166702ff87.pdf,html/in-focus/IF11806v11-2026-09-22-377ddb166702ff87-bd22cdad3653.html,markdown/in-focus/IF11806v11-2026-09-22-377ddb166702ff87.md,377ddb166702ff873bbe740cd5f2f74db0c3382ea5c7b610fadf89e1344db617,https://www.everycrsreport.com/files/2026-09-22_IF11806_9db4af3e783578cbfad9023ef1471273d2652819.pdf,EveryCRSReport.com
IF11807,GAO and Inspector General Recommendations to Agencies: An Introduction,2026-10-06,2,pdf/in-focus/IF11807v2-2026-10-06-c744a2b6894dcf42.pdf,html/in-focus/IF11807v2-2026-10-06-c744a2b6894dcf42-9436f7818938.html,markdown/in-focus/IF11807v2-2026-10-06-c744a2b6894dcf42.md,c744a2b6894dcf42626b26451ab334de2aaea10947521b47bb82597b81c23c02,https://www.congress.gov/crs_external_products/IF/PDF/IF11807/IF11807.2.pdf,EveryCRSReport.com
IF11812,Tax Treatment of Capital Gains at Death,2021-06-04,3,pdf/in-focus/IF11812v3-2021-06-04-b55f1fb45b85f55f.pdf,html/in-focus/IF11812v3-2021-06-04-b55f1fb45b85f55f-e712b11518de.html,markdown/in-focus/IF11812v3-2021-06-04-b55f1fb45b85f55f.md,b55f1fb45b85f55f3a396586eb14f60f3477aac5e4cd33b233944c7a6d959570,https://www.everycrsreport.com/files/2021-06-04_IF11812_46d51b1d16568df2d7e1c89e44cdff932fd53ed7.pdf,EveryCRSReport.com
IF11833,"Commemorative Works in the District of Columbia: Categorization of Proposed and Enacted Memorials, 1973-2020",2021-05-17,1,pdf/in-focus/IF11833v1-2021-05-17-49a3b5349e6060c4.pdf,html/in-focus/IF11833v1-2021-05-17-49a3b5349e6060c4-a40e8a399d50.html,markdown/in-focus/IF11833v1-2021-05-17-49a3b5349e6060c4.md,49a3b5349e6060c49e8b2aab2314c6ffd12b274718c699970a0a653501cd7384,https://www.everycrsreport.com/files/2021-05-17_IF11833_05f8ca5af6cf92a9e90610b7ff02075fe9582316.pdf,EveryCRSReport.com
IF11891,Regional Comprehensive Economic Partnership (RCEP),2022-10-17,2,pdf/in-focus/IF11891v2-2022-10-17-0fa398f8efdccde5.pdf,html/in-focus/IF11891v2-2022-10-17-0fa398f8efdccde5-9218125ee95d.html,markdown/in-focus/IF11891v2-2022-10-17-0fa398f8efdccde5.md,0fa398f8efdccde598d2719ad67db1a8a11647bfc511a45feac6c763caada4a8,https://www.everycrsreport.com/files/2022-10-17_IF11891_31fd524fa971c6040f9decd8829a0621fd6df8f9.pdf,EveryCRSReport.com
IF12047,Farm Bill Primer: Overview and Status,2026-09-24,19,pdf/in-focus/IF12047v19-2026-09-24-d5c848dcf5d3545c.pdf,html/in-focus/IF12047v19-2026-09-24-d5c848dcf5d3545c-f2996c0612b3.html,markdown/in-focus/IF12047v19-2026-09-24-d5c848dcf5d3545c.md,d5c848dcf5d3545c2da1696e2ffe233b881e57e49886cead994bfa3335c5df03,https://www.congress.gov/crs_external_products/IF/PDF/IF12047/IF12047.19.pdf,EveryCRSReport.com
IF12148,Regulating PFAS Under the Clean Water Act,2026-09-30,7,pdf/in-focus/IF12148v7-2026-09-30-eae478904450f097.pdf,html/in-focus/IF12148v7-2026-09-30-eae478904450f097-911b6c8977ca.html,markdown/in-focus/IF12148v7-2026-09-30-eae478904450f097.md,eae478904450f09718b0073b1d112749048d3d93d2488ebfead32968fa7a3722,https://www.congress.gov/crs_external_products/IF/PDF/IF12148/IF12148.7.pdf,EveryCRSReport.com
IF12173,Firearms and Ammunition Excise Tax (FAET),2026-09-16,11,pdf/in-focus/IF12173v11-2026-09-16-d63d97ebab758423.pdf,html/in-focus/IF12173v11-2026-09-16-d63d97ebab758423-270d7aec3fdd.html,markdown/in-focus/IF12173v11-2026-09-16-d63d97ebab758423.md,d63d97ebab758423104cffba816a82c731f0792afd190e7231ee2b7654e209c8,https://www.everycrsreport.com/files/2026-09-16_IF12173_3d1a65e099f60f8a6707b727c9f8ae9c3a14bdca.pdf,EveryCRSReport.com
IF12193,Farm and Food Support Under USDA’s Section 32 Account,2026-09-14,6,pdf/in-focus/IF12193v6-2026-09-14-e276f0b40fb32b46.pdf,html/in-focus/IF12193v6-2026-09-14-e276f0b40fb32b46-66869b84b329.html,markdown/in-focus/IF12193v6-2026-09-14-e276f0b40fb32b46.md,e276f0b40fb32b469ed95977bba51e7b5512d2727772b4beb97592146075c8bd,https://www.everycrsreport.com/files/2026-09-14_IF12193_5e0f312567082d6ac20422aca0954ab4cc541845.pdf,EveryCRSReport.com
IF12240,Defense Primer: Statutory Military Readiness Reporting,2026-09-22,6,pdf/in-focus/IF12240v6-2026-09-22-0c5a224769defd19.pdf,html/in-focus/IF12240v6-2026-09-22-0c5a224769defd19-e1f5d81eb3ab.html,markdown/in-focus/IF12240v6-2026-09-22-0c5a224769defd19.md,0c5a224769defd1905398ec7a177b651ad7d104c8c3f0500e56db544bf5f61cd,https://www.everycrsreport.com/files/2026-09-22_IF12240_9bed002a4df47943d189e7d360bf667017a5ef51.pdf,EveryCRSReport.com
IF12265,China Primer: Human Rights,2026-09-21,8,pdf/in-focus/IF12265v8-2026-09-21-466508c40b61ccf3.pdf,html/in-focus/IF12265v8-2026-09-21-466508c40b61ccf3-dd744d406941.html,markdown/in-focus/IF12265v8-2026-09-21-466508c40b61ccf3.md,466508c40b61ccf308380c5869ab4f02cf6a6f80be48c1cea8919087992a1f5c,https://www.everycrsreport.com/files/2026-09-21_IF12265_e8abcaaaa6ae1a238b6b966d46db0123aa3eb156.pdf,EveryCRSReport.com
IF12271,China and the World: Issues for Congress,2022-12-07,1,pdf/in-focus/IF12271v1-2022-12-07-9bc999733f5cc254.pdf,html/in-focus/IF12271v1-2022-12-07-9bc999733f5cc254-b544a81df6bc.html,markdown/in-focus/IF12271v1-2022-12-07-9bc999733f5cc254.md,9bc999733f5cc2546a9b1c18c3b3894f26fbf3bc568596ff2f5e650b172dcc88,https://www.everycrsreport.com/files/2022-12-07_IF12271_29d23ce348a25ffd04e7e5b59e1ea22e15295e90.pdf,EveryCRSReport.com
IF12373,Indo-Pacific Economic Framework for Prosperity (IPEF),2024-07-22,10,pdf/in-focus/IF12373v10-2024-07-22-b6bcff35563c7e3a.pdf,html/in-focus/IF12373v10-2024-07-22-b6bcff35563c7e3a-bee459a78752.html,markdown/in-focus/IF12373v10-2024-07-22-b6bcff35563c7e3a.md,b6bcff35563c7e3a96d7e9e2e35adea1bf3b738239555baa8b2986840dc18cec,https://www.everycrsreport.com/files/2024-07-22_IF12373_3cac7edcbe06072e1547aa9167e4f386358ce0cb.pdf,EveryCRSReport.com
IF12595,U.S.-Canada Trade Relations,2026-09-16,33,pdf/in-focus/IF12595v33-2026-09-16-cc8bc2be6cca883d.pdf,html/in-focus/IF12595v33-2026-09-16-cc8bc2be6cca883d-90bbf3cb8389.html,markdown/in-focus/IF12595v33-2026-09-16-cc8bc2be6cca883d.md,cc8bc2be6cca883d5900cd4747e76b6fd4e881e3df2c7275ccf5d48f99b84a95,https://www.everycrsreport.com/files/2026-09-16_IF12595_52ad24e6793eee59eeedf2a4ac39fbdfa23840ec.pdf,EveryCRSReport.com
IF12629,Regulation of U.S. Outbound Investment to China,2026-10-01,9,pdf/in-focus/IF12629v9-2026-10-01-8753e8c84b48d5b1.pdf,html/in-focus/IF12629v9-2026-10-01-8753e8c84b48d5b1-29236eef51c7.html,markdown/in-focus/IF12629v9-2026-10-01-8753e8c84b48d5b1.md,8753e8c84b48d5b15be1ff3906eb8d2f9e4e88d6326bde4b3091c7354eb99947,https://www.congress.gov/crs_external_products/IF/PDF/IF12629/IF12629.9.pdf,EveryCRSReport.com
IF12654,IRS Direct File Program: An Overview,2024-05-07,1,pdf/in-focus/IF12654v1-2024-05-07-4b03eda74d592cd8.pdf,html/in-focus/IF12654v1-2024-05-07-4b03eda74d592cd8-c7d58f5c2bfa.html,markdown/in-focus/IF12654v1-2024-05-07-4b03eda74d592cd8.md,4b03eda74d592cd840052a7122f73a902ed7a930ac91943df3ce20b030bd55cb,https://www.everycrsreport.com/files/2024-05-07_IF12654_510353ee8f5516b4f1cf994aa1c16f0f2fbfa50e.pdf,EveryCRSReport.com
IF12760,Russia-North Korea Relations,2026-09-18,7,pdf/in-focus/IF12760v7-2026-09-18-532eb15862084f91.pdf,html/in-focus/IF12760v7-2026-09-18-532eb15862084f91-4b27b5f9364a.html,markdown/in-focus/IF12760v7-2026-09-18-532eb15862084f91.md,532eb15862084f91a081732286872d633c8886f94292f82413e08974a1df234b,https://www.everycrsreport.com/files/2026-09-18_IF12760_60b4f53703e3180c72d05b05928eb87c312144fc.pdf,EveryCRSReport.com
IF12852,Federal Contract Set-Asides for Small Businesses,2026-09-08,6,pdf/in-focus/IF12852v6-2026-09-08-e0c79cc7928aced4.pdf,html/in-focus/IF12852v6-2026-09-08-e0c79cc7928aced4-827811e73f46.html,markdown/in-focus/IF12852v6-2026-09-08-e0c79cc7928aced4.md,e0c79cc7928aced4affe24db0860edf4bf13627fcd65100c8aaa3a2d854bbe21,https://www.everycrsreport.com/files/2026-09-08_IF12852_2058a1bfecf43a09b281e522882b6e3332772ebd.pdf,EveryCRSReport.com
IF12853,Sole-Source Contracts for Small Businesses,2026-09-08,9,pdf/in-focus/IF12853v9-2026-09-08-31a01a37ba72076a.pdf,html/in-focus/IF12853v9-2026-09-08-31a01a37ba72076a-018054d4ccf5.html,markdown/in-focus/IF12853v9-2026-09-08-31a01a37ba72076a.md,31a01a37ba72076adbd4c68ab3014c770a5030357add6b53e038cfa6e9d6eb79,https://www.everycrsreport.com/files/2026-09-08_IF12853_40f29a7b29d4c36739aa59be70eab79abe7f7565.pdf,EveryCRSReport.com
IF12859,Connecting Constituents with Federal Assistance for Broadband,2026-10-01,4,pdf/in-focus/IF12859v4-2026-10-01-167c6c1fb336afb5.pdf,html/in-focus/IF12859v4-2026-10-01-167c6c1fb336afb5-4c7a0f821cb3.html,markdown/in-focus/IF12859v4-2026-10-01-167c6c1fb336afb5.md,167c6c1fb336afb5ce683e34b6a0755f511003dd364495326de0159c341f0406,https://www.congress.gov/crs_external_products/IF/PDF/IF12859/IF12859.4.pdf,EveryCRSReport.com
IF12881,Trump Administration Actions: Geographic Naming,2026-09-15,14,pdf/in-focus/IF12881v14-2026-09-15-558527740e43e80c.pdf,html/in-focus/IF12881v14-2026-09-15-558527740e43e80c-e721116a6af7.html,markdown/in-focus/IF12881v14-2026-09-15-558527740e43e80c.md,558527740e43e80c7df377ca8d4247b01e46696d7c089451c4096897d1dd807a,https://www.congress.gov/crs_external_products/IF/PDF/IF12881/IF12881.14.pdf,EveryCRSReport.com
IF12892,"Prevailing Wage Requirements for H-1B, H-1B1, and E-3 Workers in Specialty Occupations",2026-10-02,5,pdf/in-focus/IF12892v5-2026-10-02-7aabea1bee05e195.pdf,html/in-focus/IF12892v5-2026-10-02-7aabea1bee05e195-ae06941cde73.html,markdown/in-focus/IF12892v5-2026-10-02-7aabea1bee05e195.md,7aabea1bee05e1955c7d51dbd0b23ad469c03d27d288c332918ec33d08747df0,https://www.congress.gov/crs_external_products/IF/PDF/IF12892/IF12892.5.pdf,EveryCRSReport.com
IF12998,The Emergency Alert System: Status of Current Funding for Improvements,2025-09-11,4,pdf/in-focus/IF12998v4-2025-09-11-89b1e14ff72adeef.pdf,html/in-focus/IF12998v4-2025-09-11-89b1e14ff72adeef-f5ae64369fe1.html,markdown/in-focus/IF12998v4-2025-09-11-89b1e14ff72adeef.md,89b1e14ff72adeef5c2c810173d1ac9480487525752afd6d3bb6f38bc9590855,https://www.congress.gov/crs_external_products/IF/PDF/IF12998/IF12998.4.pdf,EveryCRSReport.com
IF13136,Changes to the Statutory Definition of Hemp and Implications for Agricultural Policy,2026-09-28,5,pdf/in-focus/IF13136v5-2026-09-28-b3dc93bc9cae4b2b.pdf,html/in-focus/IF13136v5-2026-09-28-b3dc93bc9cae4b2b-9ea72e835152.html,markdown/in-focus/IF13136v5-2026-09-28-b3dc93bc9cae4b2b.md,b3dc93bc9cae4b2b2a49f705bb7b9f2496f52430c1949c9ff0666c3833611b24,https://www.congress.gov/crs_external_products/IF/PDF/IF13136/IF13136.5.pdf,EveryCRSReport.com
IF13273,The Department of Justice Proposed Rule to Restore Firearms Rights to “Prohibited Persons”,2026-07-24,1,pdf/in-focus/IF13273v1-2026-07-24-5096ab9e05db81a3.pdf,html/in-focus/IF13273v1-2026-07-24-5096ab9e05db81a3-97636e0711ab.html,markdown/in-focus/IF13273v1-2026-07-24-5096ab9e05db81a3.md,5096ab9e05db81a3ba8c00d1ae4e514d2f96a6ceb251c92d221acd2db9314b2b,https://www.everycrsreport.com/files/2026-07-24_IF13273_16935aaf35278eeeb611ac1e752478766bd0f010.pdf,EveryCRSReport.com
IF13312,The Small Business Administration’s (SBA’s) Women’s Business Centers Program,2026-09-14,1,pdf/in-focus/IF13312v1-2026-09-14-042165bc054db1b7.pdf,html/in-focus/IF13312v1-2026-09-14-042165bc054db1b7-9dea65a4da24.html,markdown/in-focus/IF13312v1-2026-09-14-042165bc054db1b7.md,042165bc054db1b7e28e53a0ebb49aaf1cc9fee45a5447793ee64670e49c9b7f,https://www.everycrsreport.com/files/2026-09-14_IF13312_8817b71d01adf2f751146d8d8b0aad2f86a3ba13.pdf,EveryCRSReport.com
IF13314,The IRS Direct File Program,2026-09-17,2,pdf/in-focus/IF13314v2-2026-09-17-e4064c325d6c8f40.pdf,html/in-focus/IF13314v2-2026-09-17-e4064c325d6c8f40-05aa315b47fe.html,markdown/in-focus/IF13314v2-2026-09-17-e4064c325d6c8f40.md,e4064c325d6c8f4093c241c3f4d57736b18e8c1d334339c126a144bff5926b20,https://www.everycrsreport.com/files/2026-09-17_IF13314_af1cd9ea8fa990c8d0be7cdec9338704558358d0.pdf,EveryCRSReport.com
IF13315,Selected Federal Legislation on Search and Seizure Authority,2026-09-17,2,pdf/in-focus/IF13315v2-2026-09-17-95546a68a0e5f6a7.pdf,html/in-focus/IF13315v2-2026-09-17-95546a68a0e5f6a7-252b75088fa0.html,markdown/in-focus/IF13315v2-2026-09-17-95546a68a0e5f6a7.md,95546a68a0e5f6a71bb12dc03fa12434649ab11e834b0a086b681fc5a6de391d,https://www.everycrsreport.com/files/2026-09-17_IF13315_5c6fbc3b8c14fe81eb8011fc3a348e7b6c1f9d0b.pdf,EveryCRSReport.com
IF13316,Federal Role in Elections Policy: Selected Recent Developments,2026-09-21,2,pdf/in-focus/IF13316v2-2026-09-21-1d56d54b9ddc1076.pdf,html/in-focus/IF13316v2-2026-09-21-1d56d54b9ddc1076-16ffbd74eeac.html,markdown/in-focus/IF13316v2-2026-09-21-1d56d54b9ddc1076.md,1d56d54b9ddc1076571d299602f3902c59020d7d89df26eaacc3351c4f5877c7,https://www.everycrsreport.com/files/2026-09-21_IF13316_72952e0cece1d940b89200b8f79253d5adae353c.pdf,EveryCRSReport.com
IF13317,Federal Wiretaps and the Fourth Amendment,2026-09-21,1,pdf/in-focus/IF13317v1-2026-09-21-4b0590711faccf1d.pdf,html/in-focus/IF13317v1-2026-09-21-4b0590711faccf1d-f8ae2dd771f3.html,markdown/in-focus/IF13317v1-2026-09-21-4b0590711faccf1d.md,4b0590711faccf1d8cd2d912ea0015a8e8837f29f9b296a33053eec323c65ac8,https://www.everycrsreport.com/files/2026-09-21_IF13317_1360b943fe468c9f8c1fbcc00ac0f7294f68674f.pdf,EveryCRSReport.com
IF13318,Air Force MQ-9A Reaper: Background and Issues for Congress,2026-09-23,1,pdf/in-focus/IF13318v1-2026-09-23-a2af2fcfaa665e0c.pdf,html/in-focus/IF13318v1-2026-09-23-a2af2fcfaa665e0c-c3a86beeedf4.html,markdown/in-focus/IF13318v1-2026-09-23-a2af2fcfaa665e0c.md,a2af2fcfaa665e0c5d9f67458a307b3b9d332823c3c2b139c65d651e6c7daf27,https://www.everycrsreport.com/files/2026-09-23_IF13318_c8176cdcee576292a3ed4e4f77a342674d50826d.pdf,EveryCRSReport.com
IF13319,Private Investments and Insurance Companies,2026-09-23,1,pdf/in-focus/IF13319v1-2026-09-23-440f12cc714032dd.pdf,html/in-focus/IF13319v1-2026-09-23-440f12cc714032dd-8e612c285d81.html,markdown/in-focus/IF13319v1-2026-09-23-440f12cc714032dd.md,440f12cc714032dd584cb05e5e24481a1eb8a82da2d2ac8f3acda747e21978b5,https://www.everycrsreport.com/files/2026-09-23_IF13319_cfbd1b42cab9d52e4c6ac43970dcd7996f91e9aa.pdf,EveryCRSReport.com
IF13320,"Defense Contractors, Data Rights, and the “Right to Repair”",2026-09-23,1,pdf/in-focus/IF13320v1-2026-09-23-3838b920625b5fad.pdf,html/in-focus/IF13320v1-2026-09-23-3838b920625b5fad-9b9c18551b85.html,markdown/in-focus/IF13320v1-2026-09-23-3838b920625b5fad.md,3838b920625b5fadc0237694596ad3582851b88e3da20325c6c902fb656bfba1,https://www.congress.gov/crs_external_products/IF/PDF/IF13320/IF13320.1.pdf,EveryCRSReport.com
IF13321,Estimated Effects on Effective Tax Rates and Revenues of Increasing the 199A Deduction for Pass-Through Businesses,2026-09-24,1,pdf/in-focus/IF13321v1-2026-09-24-17a4133c9399f620.pdf,html/in-focus/IF13321v1-2026-09-24-17a4133c9399f620-07de19250180.html,markdown/in-focus/IF13321v1-2026-09-24-17a4133c9399f620.md,17a4133c9399f62054c3f87d645adf6e2846762ffa6112f58fe6ae17124d00a8,https://www.congress.gov/crs_external_products/IF/PDF/IF13321/IF13321.1.pdf,EveryCRSReport.com
IF13322,U.S. Measles Outbreaks 2025-2026: Overview and Issues for Congress,2026-09-29,1,pdf/in-focus/IF13322v1-2026-09-29-38c0b8fe5df3e810.pdf,html/in-focus/IF13322v1-2026-09-29-38c0b8fe5df3e810-a330e288022c.html,markdown/in-focus/IF13322v1-2026-09-29-38c0b8fe5df3e810.md,38c0b8fe5df3e81095bba88618b9f5921dd37e371c332576fb4e20d4aafaf034,https://www.congress.gov/crs_external_products/IF/PDF/IF13322/IF13322.1.pdf,EveryCRSReport.com
IF13323,Defense Primer: U.S. Army Force Structure Development Process,2026-09-29,1,pdf/in-focus/IF13323v1-2026-09-29-31411f0fba6871b5.pdf,html/in-focus/IF13323v1-2026-09-29-31411f0fba6871b5-9cffdc5aa3c1.html,markdown/in-focus/IF13323v1-2026-09-29-31411f0fba6871b5.md,31411f0fba6871b5d6536f805feb8e3216962600ac5f7307ffb07b37e0b3944d,https://www.congress.gov/crs_external_products/IF/PDF/IF13323/IF13323.1.pdf,EveryCRSReport.com
IF13324,Crypto and Bank-Permissible Activities,2026-09-30,1,pdf/in-focus/IF13324v1-2026-09-30-67314f915f353190.pdf,html/in-focus/IF13324v1-2026-09-30-67314f915f353190-43d8e7f111b7.html,markdown/in-focus/IF13324v1-2026-09-30-67314f915f353190.md,67314f915f35319059c683e9da5d3e7c14e87a314ce318a5b0b5ef11ae46517f,https://www.congress.gov/crs_external_products/IF/PDF/IF13324/IF13324.1.pdf,EveryCRSReport.com
IF13325,Private Rights of Action: Authorizing Lawsuits to Enforce Federal Law,2026-10-06,1,pdf/in-focus/IF13325v1-2026-10-06-08d5f53ac38f0b25.pdf,html/in-focus/IF13325v1-2026-10-06-08d5f53ac38f0b25-431f7471e400.html,markdown/in-focus/IF13325v1-2026-10-06-08d5f53ac38f0b25.md,08d5f53ac38f0b258741eba1b56e8612df34b81dcefef87a04f7710f2a0794e1,https://www.congress.gov/crs_external_products/IF/PDF/IF13325/IF13325.1.pdf,EveryCRSReport.com
IG10003,Economic Effects of the FY2014 Shutdown,2015-12-21,5,pdf/infographics/IG10003v5-2015-12-21-f9df7f5bfe7de765.pdf,html/infographics/IG10003v5-2015-12-21-f9df7f5bfe7de765-d82bbb3d27f9.html,markdown/infographics/IG10003v5-2015-12-21-f9df7f5bfe7de765.md,f9df7f5bfe7de76590330c584102bcd12c252a5abec9aedb8d85d1bce3338b60,https://www.everycrsreport.com/files/2015-12-21_IG10003_773346a76802c824688ad3404ff50670a960feb0.pdf,EveryCRSReport.com
IN11831,Election Worker Safety and Privacy,2026-10-01,21,pdf/insights/IN11831v21-2026-10-01-9f92b4fd90ca01e3.pdf,html/insights/IN11831v21-2026-10-01-9f92b4fd90ca01e3-8c5ed8d529a0.html,markdown/insights/IN11831v21-2026-10-01-9f92b4fd90ca01e3.md,9f92b4fd90ca01e31914cf221d60935a15236a96be88111a4297f3daea7f50f1,https://www.congress.gov/crs_external_products/IN/PDF/IN11831/IN11831.21.pdf,EveryCRSReport.com
IN12304,"Revisions to Statistical Policy Directive No. 15: Standards for Maintaining, Collecting, and Presenting Federal Data on Race and Ethnicity",2026-09-14,7,pdf/insights/IN12304v7-2026-09-14-ebb9bdb1d6b5f39a.pdf,html/insights/IN12304v7-2026-09-14-ebb9bdb1d6b5f39a-2728f3d636cc.html,markdown/insights/IN12304v7-2026-09-14-ebb9bdb1d6b5f39a.md,ebb9bdb1d6b5f39a8bd9f327c7744958f5b8be076955d3570dc9da999c8b2fea,https://www.everycrsreport.com/files/2026-09-14_IN12304_2894d95e97fa1ae3a023a43abeb43d840f6f5d0b.pdf,EveryCRSReport.com
IN12328,Prabowo Subianto’s Apparent Election in Indonesia: Considerations for Congress,2024-03-04,1,pdf/insights/IN12328v1-2024-03-04-56b2691f10a75ef8.pdf,html/insights/IN12328v1-2024-03-04-56b2691f10a75ef8-d77b1ddcceae.html,markdown/insights/IN12328v1-2024-03-04-56b2691f10a75ef8.md,56b2691f10a75ef892f68dc001a4f5debeb792097f488909c52a70df3c1f71b3,https://www.everycrsreport.com/files/2024-03-04_IN12328_5b23e8755d6a550b3642deac53387b00be008558.pdf,EveryCRSReport.com
IN12331,Haiti in Crisis: Developments Related to the Multinational Security Support Mission,2025-06-03,12,pdf/insights/IN12331v12-2025-06-03-2bc4abf34c0f316e.pdf,html/insights/IN12331v12-2025-06-03-2bc4abf34c0f316e-01e1028bf806.html,markdown/insights/IN12331v12-2025-06-03-2bc4abf34c0f316e.md,2bc4abf34c0f316e069341e819428ee24c520cbff48d58979e91bd4bf22954d8,https://www.everycrsreport.com/files/2025-06-03_IN12331_bcd43d3885a8636b7f809cbad20c9ff0fa9aafb0.pdf,EveryCRSReport.com
IN12418,FY2025 NDAA: Countering Uncrewed Aircraft Systems,2025-02-03,4,pdf/insights/IN12418v4-2025-02-03-62ebb1dfa3dbbefc.pdf,html/insights/IN12418v4-2025-02-03-62ebb1dfa3dbbefc-1fdc7cf7a7a6.html,markdown/insights/IN12418v4-2025-02-03-62ebb1dfa3dbbefc.md,62ebb1dfa3dbbefc6b05e74317faa5c199f6fb1493d7f932e9f959c7162af4fc,https://www.everycrsreport.com/files/2025-02-03_IN12418_5590e51a8cd50a67f90c97d1dceea8fb1b498768.pdf,EveryCRSReport.com
IN12439,Sri Lanka’s Watershed Election,2024-10-07,2,pdf/insights/IN12439v2-2024-10-07-ea8a4f3125fde899.pdf,html/insights/IN12439v2-2024-10-07-ea8a4f3125fde899-dd74609e84ad.html,markdown/insights/IN12439v2-2024-10-07-ea8a4f3125fde899.md,ea8a4f3125fde8990523fc35e31e84a371e177ef4e78f485aa8c4123ba1b0f12,https://www.everycrsreport.com/files/2024-10-07_IN12439_d6f0f897b1d9194db505c278efd7f6a427a4a083.pdf,EveryCRSReport.com
IN12489,Congressional District Geography Workbook (119th Congress): An Interactive Tool for Congressional Users,2026-06-30,13,pdf/insights/IN12489v13-2026-06-30-c0df5d7f4921c43f.pdf,html/insights/IN12489v13-2026-06-30-c0df5d7f4921c43f-049fa13e9158.html,markdown/insights/IN12489v13-2026-06-30-c0df5d7f4921c43f.md,c0df5d7f4921c43f1898524e2f7197fd4f99912d1b1e56cfd778db8f7728afc8,https://www.congress.gov/crs_external_products/IN/PDF/IN12489/IN12489.13.pdf,EveryCRSReport.com
IN12509,Status of U.S. Offshore Wind Leasing and Permitting: President Trump’s January 2025 Wind Leasing Memorandum,2025-03-11,2,pdf/insights/IN12509v2-2025-03-11-eea4bb23f27e37a6.pdf,,markdown/insights/IN12509v2-2025-03-11-eea4bb23f27e37a6.md,eea4bb23f27e37a620af83a2621046d053717d1e73248088ff68e0909d58aa72,https://www.everycrsreport.com/files/2025-03-11_IN12509_1888715a3b231ab28d18759269e2d262e709aed7.pdf,EveryCRSReport.com
IN12519,Section 232 Tariffs on Steel and Aluminum,2026-09-17,15,pdf/insights/IN12519v15-2026-09-17-704d3fad591b201a.pdf,html/insights/IN12519v15-2026-09-17-704d3fad591b201a-ad9ea8ae4c9b.html,markdown/insights/IN12519v15-2026-09-17-704d3fad591b201a.md,704d3fad591b201a73d314f6af94c89b59966fbbf6c98e2ed80115192bf85ebd,https://www.everycrsreport.com/files/2026-09-17_IN12519_6030f735db4f4a875ac60a0b375928908f4601a6.pdf,EveryCRSReport.com
IN12576,Golden Dome: Funding in the 2025 Reconciliation Law (H.R. 1; P.L. 119-21),2025-07-10,8,pdf/insights/IN12576v8-2025-07-10-b82324a3adc335e6.pdf,html/insights/IN12576v8-2025-07-10-b82324a3adc335e6-1f6141215e0a.html,markdown/insights/IN12576v8-2025-07-10-b82324a3adc335e6.md,b82324a3adc335e67024347646b71ebf6306efa7b5233e6e863933ff4d47db5a,https://www.everycrsreport.com/files/2025-07-10_IN12576_63909ead8f42dbc03007cf71a0fdfa797a706b8e.pdf,EveryCRSReport.com
IN12668,U.S. Military Operations Against Iran: Munitions and Missile Defense,2026-03-12,2,pdf/insights/IN12668v2-2026-03-12-75a7f404715eb572.pdf,html/insights/IN12668v2-2026-03-12-75a7f404715eb572-7f025c641186.html,markdown/insights/IN12668v2-2026-03-12-75a7f404715eb572.md,75a7f404715eb572d25b0019400211deab8272237237a4f1aa246db4845a63c5,https://www.congress.gov/crs_external_products/IN/PDF/IN12668/IN12668.2.pdf,EveryCRSReport.com
IN12668,U.S. Military Operations Against Iran: Munitions and Missile Defense,2026-10-05,3,pdf/insights/IN12668v3-2026-10-05-9250418b43788d31.pdf,html/insights/IN12668v3-2026-10-05-9250418b43788d31-3f1c026bc6f0.html,markdown/insights/IN12668v3-2026-10-05-9250418b43788d31.md,9250418b43788d31aafeddaff31a100ece21a1f1ca0200d00d93217e5e51128e,https://www.congress.gov/crs_external_products/IN/PDF/IN12668/IN12668.3.pdf,EveryCRSReport.com
IN12669,Pentagon-Anthropic Dispute over Autonomous Weapon Systems: Potential Issues for Congress,2026-04-21,3,pdf/insights/IN12669v3-2026-04-21-cb60950c2435129c.pdf,html/insights/IN12669v3-2026-04-21-cb60950c2435129c-2d66ffa81b5f.html,markdown/insights/IN12669v3-2026-04-21-cb60950c2435129c.md,cb60950c2435129cc454249943e19b400d15f9730da7a0f44071bb803808650b,https://www.congress.gov/crs_external_products/IN/PDF/IN12669/IN12669.3.pdf,EveryCRSReport.com
IN12669,Pentagon-Anthropic Dispute over Autonomous Weapon Systems: Potential Issues for Congress,2026-10-05,4,pdf/insights/IN12669v4-2026-10-05-2fb7b2a12f03c7c8.pdf,,markdown/insights/IN12669v4-2026-10-05-2fb7b2a12f03c7c8.md,2fb7b2a12f03c7c8ac0c230ea42bfcaaa9aaffc3a4ccee0c6b433b20369dba4f,https://www.congress.gov/crs_external_products/IN/PDF/IN12669/IN12669.4.pdf,Congress.gov API
IN12669,Pentagon-Anthropic Dispute over Autonomous Weapon Systems: Potential Issues for Congress,2026-10-05,5,pdf/insights/IN12669v5-2026-10-05-4e1e9333fad76088.pdf,html/insights/IN12669v5-2026-10-05-4e1e9333fad76088-dbfc0a277af2.html,markdown/insights/IN12669v5-2026-10-05-4e1e9333fad76088.md,4e1e9333fad760884ea4b2bd4e8d3dc43ccba05092d6c99b6d4e9f5d034d177e,https://www.congress.gov/crs_external_products/IN/PDF/IN12669/IN12669.5.pdf,EveryCRSReport.com
IN12689,Colombia’s 2026 Elections: Implications for U.S. Relations,2026-09-24,5,pdf/insights/IN12689v5-2026-09-24-07f1afaeb5f2df95.pdf,html/insights/IN12689v5-2026-09-24-07f1afaeb5f2df95-c02b9c5bb9cc.html,markdown/insights/IN12689v5-2026-09-24-07f1afaeb5f2df95.md,07f1afaeb5f2df95bf189d7b95999d9edbd55325bebbee214187631c45d8ea10,https://www.congress.gov/crs_external_products/IN/PDF/IN12689/IN12689.5.pdf,EveryCRSReport.com
IN12692,U.S. Aircraft Combat Losses in Operation Epic Fury: Considerations for Congress,2026-10-05,5,pdf/insights/IN12692v5-2026-10-05-1248b248d3f61874.pdf,html/insights/IN12692v5-2026-10-05-1248b248d3f61874-507a98d0d2e7.html,markdown/insights/IN12692v5-2026-10-05-1248b248d3f61874.md,1248b248d3f61874628a6938a39d7e6c76867e6cf7a8db58702e3c8829dfaf0e,https://www.congress.gov/crs_external_products/IN/PDF/IN12692/IN12692.5.pdf,EveryCRSReport.com
IN12697,May 2026 Proposed Rule on Uniform Guidance for Federal Grants: Summary of Selected Changes,2026-09-11,3,pdf/insights/IN12697v3-2026-09-11-8b975b4096694496.pdf,html/insights/IN12697v3-2026-09-11-8b975b4096694496-223fc0d9127c.html,markdown/insights/IN12697v3-2026-09-11-8b975b4096694496.md,8b975b40966944966e83a2fd3a7120b9321d67a65680a74923e839911e5ea2f8,https://www.everycrsreport.com/files/2026-09-11_IN12697_444afc53eecf6754fdc0e2658e8225ab12d80545.pdf,EveryCRSReport.com
IN12709,HUD’s FY2026 Continuum of Care Program Competition,2026-09-18,5,pdf/insights/IN12709v5-2026-09-18-75155d9bbc32bee0.pdf,html/insights/IN12709v5-2026-09-18-75155d9bbc32bee0-e0343793f840.html,markdown/insights/IN12709v5-2026-09-18-75155d9bbc32bee0.md,75155d9bbc32bee01e797a28cea11c21a2cfb12365a754232c88059985c7db80,https://www.everycrsreport.com/files/2026-09-18_IN12709_456a5fd97ff301faa3e911f5dba110eeb572029c.pdf,EveryCRSReport.com
IN12723,Senate Committee Considers a Farm Bill Draft that Would Change the Upcoming State Sharing of SNAP Benefit Costs,2026-08-27,4,pdf/insights/IN12723v4-2026-08-27-1226341e7ea3c5a5.pdf,html/insights/IN12723v4-2026-08-27-1226341e7ea3c5a5-885749df9d2e.html,markdown/insights/IN12723v4-2026-08-27-1226341e7ea3c5a5.md,1226341e7ea3c5a50b906b5ceb54d981590d0da4ea38363d231ec72d4ddd66c5,https://www.congress.gov/crs_external_products/IN/PDF/IN12723/IN12723.4.pdf,EveryCRSReport.com
IN12723,Senate Committee Reports a Farm Bill That Would Delay Onset of States Sharing SNAP Benefit Costs,2026-10-05,6,pdf/insights/IN12723v6-2026-10-05-cb98e5023d1013c7.pdf,html/insights/IN12723v6-2026-10-05-cb98e5023d1013c7-d9e8aa20cc83.html,markdown/insights/IN12723v6-2026-10-05-cb98e5023d1013c7.md,cb98e5023d1013c79c78ca23d31dd031c7f5bfc1f1cbff9e64e2a43415810edc,https://www.congress.gov/crs_external_products/IN/PDF/IN12723/IN12723.6.pdf,EveryCRSReport.com
IN12736,Health Insurance Exchanges: Sources for Enrollment Data,2026-09-16,1,pdf/insights/IN12736v1-2026-09-16-55e9354872fb37e9.pdf,html/insights/IN12736v1-2026-09-16-55e9354872fb37e9-ea8b6265cef1.html,markdown/insights/IN12736v1-2026-09-16-55e9354872fb37e9.md,55e9354872fb37e96727741a2fa838f56d74e49242abb97c4bc160058ce5d91a,https://www.everycrsreport.com/files/2026-09-16_IN12736_b92173589465dfe5f2fc66338014f411e0ec0717.pdf,EveryCRSReport.com
IN12737,Poverty in 2025,2026-09-16,1,pdf/insights/IN12737v1-2026-09-16-203613073ee57c3d.pdf,html/insights/IN12737v1-2026-09-16-203613073ee57c3d-a02376613b91.html,markdown/insights/IN12737v1-2026-09-16-203613073ee57c3d.md,203613073ee57c3dfb9937e4efd8e68a5dabb9fe795a572429725c9e04a8a634,https://www.everycrsreport.com/files/2026-09-16_IN12737_77c18afc0237e182292c909fa32e873040561802.pdf,EveryCRSReport.com
IN12738,Federal Retirement Processing: Background and Recent Developments,2026-09-18,1,pdf/insights/IN12738v1-2026-09-18-6eea475047446231.pdf,html/insights/IN12738v1-2026-09-18-6eea475047446231-4c90628710d2.html,markdown/insights/IN12738v1-2026-09-18-6eea475047446231.md,6eea475047446231443063e6801ddc8810f351ff8ffdc66bd5c1ce5e333ba1ff,https://www.everycrsreport.com/files/2026-09-18_IN12738_db47939adb1788317cacbac71e0d26d4dac15258.pdf,EveryCRSReport.com
IN12739,U.S. Space Academy Proposal: Considerations for Congress,2026-09-21,1,pdf/insights/IN12739v1-2026-09-21-3ef597cc71cc59f1.pdf,html/insights/IN12739v1-2026-09-21-3ef597cc71cc59f1-a7f5d8737ee2.html,markdown/insights/IN12739v1-2026-09-21-3ef597cc71cc59f1.md,3ef597cc71cc59f18e2ee5fce841433432e915610244aca6ea50cef1075fbfb3,https://www.everycrsreport.com/files/2026-09-21_IN12739_f378311a36d037974f041c7f8311e3efa3d39aa1.pdf,EveryCRSReport.com
IN12740,SBA’s Proposed Expansion of Small Business Program Eligibility,2026-09-21,1,pdf/insights/IN12740v1-2026-09-21-571c99c94fb2eb5b.pdf,html/insights/IN12740v1-2026-09-21-571c99c94fb2eb5b-d9fd2347904d.html,markdown/insights/IN12740v1-2026-09-21-571c99c94fb2eb5b.md,571c99c94fb2eb5bb8fdee975bc541c9c71b8dd1a04f2368db6f290db0f05038,https://www.everycrsreport.com/files/2026-09-21_IN12740_a0f59d84eeb70cc0afc0742a11713b1e40ed1571.pdf,EveryCRSReport.com
IN12741,Citizenship and Residence Criteria for the 2030 Census: Recent Developments,2026-09-28,1,pdf/insights/IN12741v1-2026-09-28-06b39026658cba91.pdf,html/insights/IN12741v1-2026-09-28-06b39026658cba91-dbea64e4041b.html,markdown/insights/IN12741v1-2026-09-28-06b39026658cba91.md,06b39026658cba917557c10e27c8713338a8d6b14bef2360b2de04a39450a91d,https://www.congress.gov/crs_external_products/IN/PDF/IN12741/IN12741.1.pdf,EveryCRSReport.com
IN12742,Suspension of Countervailing Duties on Phosphate Fertilizer: Options for Congress,2026-09-29,1,pdf/insights/IN12742v1-2026-09-29-8f9146d37ae11680.pdf,html/insights/IN12742v1-2026-09-29-8f9146d37ae11680-d0fc1eca0444.html,markdown/insights/IN12742v1-2026-09-29-8f9146d37ae11680.md,8f9146d37ae11680f11faf4f98d4da47a2a916d50b627538660a37515d6b8141,https://www.congress.gov/crs_external_products/IN/PDF/IN12742/IN12742.1.pdf,EveryCRSReport.com
IN12743,"International Conservation Funding, FY2023-FY2027 Request",2026-09-30,1,pdf/insights/IN12743v1-2026-09-30-ecd73a67aba6caa1.pdf,html/insights/IN12743v1-2026-09-30-ecd73a67aba6caa1-563b3828c3fd.html,markdown/insights/IN12743v1-2026-09-30-ecd73a67aba6caa1.md,ecd73a67aba6caa10c9a1f40e4d9df65b58c09ce6a5b517b65ecbb652338da08,https://www.congress.gov/crs_external_products/IN/PDF/IN12743/IN12743.1.pdf,EveryCRSReport.com
IN12744,Diesel Export Ban: Transportation Policy Considerations for Congress,2026-10-01,2,pdf/insights/IN12744v2-2026-10-01-35dfe6d8ad05d521.pdf,html/insights/IN12744v2-2026-10-01-35dfe6d8ad05d521-57feb7837f03.html,markdown/insights/IN12744v2-2026-10-01-35dfe6d8ad05d521.md,35dfe6d8ad05d5210bf1efc063a1399fa2977a8b7a0f1b5a48e678e99f188713,https://www.congress.gov/crs_external_products/IN/PDF/IN12744/IN12744.2.pdf,EveryCRSReport.com
LSB10432,Resolving Subpoena Disputes Between the Branches: Potential Impacts of Restricting the Judicial Role ,2020-03-25,1,pdf/sidebars/LSB10432v1-2020-03-25-6838a099ed8fc265.pdf,html/sidebars/LSB10432v1-2020-03-25-6838a099ed8fc265-d3cf5c5815f9.html,markdown/sidebars/LSB10432v1-2020-03-25-6838a099ed8fc265.md,6838a099ed8fc265e6a63ab66cac0dc3b69260a386450c510bc9b92ffc0f029c,https://www.everycrsreport.com/files/2020-03-25_LSB10432_9d2bcc3d0645c4ab2f580ebb17547585efe3d07c.pdf,EveryCRSReport.com
LSB11352,Appellate Courts Divided on Scope of Title IX Liability for Schools in Cases of Sexual Harassment,2026-07-30,3,pdf/sidebars/LSB11352v3-2026-07-30-1ed75735bbc47d1c.pdf,html/sidebars/LSB11352v3-2026-07-30-1ed75735bbc47d1c-17161df5d65c.html,markdown/sidebars/LSB11352v3-2026-07-30-1ed75735bbc47d1c.md,1ed75735bbc47d1ca38ccdb91876a54bca43d438acef628e2c6a86f1391113b7,https://www.congress.gov/crs_external_products/LSB/PDF/LSB11352/LSB11352.3.pdf,EveryCRSReport.com
LSB11401,The United States’ Prosecution of Nicolás Maduro Moros: United States v. Maduro,2026-09-21,3,pdf/sidebars/LSB11401v3-2026-09-21-5c8369a37c2ff1af.pdf,html/sidebars/LSB11401v3-2026-09-21-5c8369a37c2ff1af-d9783bf381b5.html,markdown/sidebars/LSB11401v3-2026-09-21-5c8369a37c2ff1af.md,5c8369a37c2ff1af3c6daa6f0d5c68edbf0c0bf097ae6e2d987a53e51d68106e,https://www.everycrsreport.com/files/2026-09-21_LSB11401_cf4c140d31042f1b462e26c9352da34a8d17434e.pdf,EveryCRSReport.com
LSB11403,International Agreements and Non-binding Instruments: The Case-Zablocki Act (Case Act),2026-09-22,3,pdf/sidebars/LSB11403v3-2026-09-22-42e0d03caccbd543.pdf,html/sidebars/LSB11403v3-2026-09-22-42e0d03caccbd543-56784012fa52.html,markdown/sidebars/LSB11403v3-2026-09-22-42e0d03caccbd543.md,42e0d03caccbd5434f0d9c9b3aacf4974a985d330ddda5fe2bd214b038a6227d,https://www.everycrsreport.com/files/2026-09-22_LSB11403_3b7de7939512c20f2b70cf3d15bb02bb2dde1c65.pdf,EveryCRSReport.com
LSB11413,Updates on Litigation over the IRS-ICE Information-Sharing Agreement,2026-09-17,2,pdf/sidebars/LSB11413v2-2026-09-17-3d3d22a2d332b14c.pdf,html/sidebars/LSB11413v2-2026-09-17-3d3d22a2d332b14c-49364b6497dc.html,markdown/sidebars/LSB11413v2-2026-09-17-3d3d22a2d332b14c.md,3d3d22a2d332b14c84a748b85678a44222f2804bddd3edb9f38f413c03385516,https://www.everycrsreport.com/files/2026-09-17_LSB11413_644f0635f41eb8607df238ee9e4f37cfa35d590a.pdf,EveryCRSReport.com
LSB11438,Mandatory Detention During Removal Proceedings: Circuit Split,2026-09-17,4,pdf/sidebars/LSB11438v4-2026-09-17-2f6e04dd0d66c62a.pdf,html/sidebars/LSB11438v4-2026-09-17-2f6e04dd0d66c62a-fe4f33d20d59.html,markdown/sidebars/LSB11438v4-2026-09-17-2f6e04dd0d66c62a.md,2f6e04dd0d66c62a8b4ce63ad6efec48dc762c3273852ad04a7ce77facf98052,https://www.everycrsreport.com/files/2026-09-17_LSB11438_224b3cd39f43972e9a1706b7d21a38a906854c32.pdf,EveryCRSReport.com
LSB11445,Food Additives and GRAS Substances: A Legal Framework,2026-07-02,2,pdf/sidebars/LSB11445v2-2026-07-02-dacbecd2b9f9116d.pdf,html/sidebars/LSB11445v2-2026-07-02-dacbecd2b9f9116d-b1d97c8c9eb4.html,markdown/sidebars/LSB11445v2-2026-07-02-dacbecd2b9f9116d.md,dacbecd2b9f9116d0746ebc94d59e67fa002a04b6060bdae84909f6c7849b61e,https://www.congress.gov/crs_external_products/LSB/PDF/LSB11445/LSB11445.2.pdf,EveryCRSReport.com
LSB11445,Food Additives and GRAS Substances: A Legal Framework,2026-10-05,5,pdf/sidebars/LSB11445v5-2026-10-05-6c4d059178070113.pdf,html/sidebars/LSB11445v5-2026-10-05-6c4d059178070113-0484cac09902.html,markdown/sidebars/LSB11445v5-2026-10-05-6c4d059178070113.md,6c4d0591780701132de8d0b387ad65f4f114713b868f331c22312333f92c14ed,https://www.congress.gov/crs_external_products/LSB/PDF/LSB11445/LSB11445.5.pdf,EveryCRSReport.com
LSB11457,Temporary Control of 7-Hydroxymitragynine (7-OH) and Other Kratom-Related Substances Under the Controlled Substances Act,2026-10-06,3,pdf/sidebars/LSB11457v3-2026-10-06-30de5a1fd1e543c4.pdf,html/sidebars/LSB11457v3-2026-10-06-30de5a1fd1e543c4-06ac7fa52475.html,markdown/sidebars/LSB11457v3-2026-10-06-30de5a1fd1e543c4.md,30de5a1fd1e543c48089f8804fff481c9d9524758999368d8bc267b82f98cc35,https://www.congress.gov/crs_external_products/LSB/PDF/LSB11457/LSB11457.3.pdf,EveryCRSReport.com
LSB11460,Legal Authority for Section 301 Tariffs to Address Forced Labor and Excess Manufacturing Capacity,2026-07-21,1,pdf/sidebars/LSB11460v1-2026-07-21-ed85a56280880310.pdf,html/sidebars/LSB11460v1-2026-07-21-ed85a56280880310-8b8fc6d9bfd6.html,markdown/sidebars/LSB11460v1-2026-07-21-ed85a56280880310.md,ed85a56280880310e0539f939972b79477d669d2e27e99ffb6649f087a78b7e4,https://www.everycrsreport.com/files/2026-07-21_LSB11460_822bc443efc39effcbf74f958e6678e475b5aaa5.pdf,EveryCRSReport.com
LSB11478,No NIETCs: U.S. Department of Energy Suspends Efforts to Designate “National Interest Electricity Transmission Corridors”,2026-09-04,1,pdf/sidebars/LSB11478v1-2026-09-04-10bf69b40083fa85.pdf,html/sidebars/LSB11478v1-2026-09-04-10bf69b40083fa85-672a5a266033.html,markdown/sidebars/LSB11478v1-2026-09-04-10bf69b40083fa85.md,10bf69b40083fa85de23234be307ded5f184828f3fb51bb8791df51950858eed,https://www.congress.gov/crs_external_products/LSB/PDF/LSB11478/LSB11478.1.pdf,EveryCRSReport.com
LSB11482,EEOC’s Proposed Changes to the Federal-Sector Equal Employment Opportunity Complaint Process,2026-09-15,1,pdf/sidebars/LSB11482v1-2026-09-15-495147174fed1f01.pdf,html/sidebars/LSB11482v1-2026-09-15-495147174fed1f01-d7cbff4e11aa.html,markdown/sidebars/LSB11482v1-2026-09-15-495147174fed1f01.md,495147174fed1f015e7c0eb9cc38daef84262703bd21acfad2eaaec5a0017f67,https://www.congress.gov/crs_external_products/LSB/PDF/LSB11482/LSB11482.1.pdf,EveryCRSReport.com
LSB11483,Federal Preemption of State Pesticide Failure-to-Warn Claims After Monsanto v. Durnell,2026-09-21,1,pdf/sidebars/LSB11483v1-2026-09-21-981f24afbd7a2c73.pdf,html/sidebars/LSB11483v1-2026-09-21-981f24afbd7a2c73-5c4d2122722b.html,markdown/sidebars/LSB11483v1-2026-09-21-981f24afbd7a2c73.md,981f24afbd7a2c73b1327977c21aa236e8f6fa80ad9bc8fe5c8a09d132741f9e,https://www.everycrsreport.com/files/2026-09-21_LSB11483_beaeeba33114c49ee99cd4c13f60733e4c6ab747.pdf,EveryCRSReport.com
LSB11484,The Protect College Sports Act of 2026: Potential Implications for Title IX,2026-09-23,2,pdf/sidebars/LSB11484v2-2026-09-23-d5a06dc80f02232c.pdf,html/sidebars/LSB11484v2-2026-09-23-d5a06dc80f02232c-708746135d0f.html,markdown/sidebars/LSB11484v2-2026-09-23-d5a06dc80f02232c.md,d5a06dc80f02232c1180a66bb4cd0df9cce629af5606e84dd1d6e7bcd92ef06a,https://www.everycrsreport.com/files/2026-09-23_LSB11484_909c77acc90b2ba41554a9894eb4e23008dd9240.pdf,EveryCRSReport.com
LSB11485,Artificial Intelligence Safety Collaboration and Antitrust Law,2026-09-28,1,pdf/sidebars/LSB11485v1-2026-09-28-557c1c0ec1e5a68c.pdf,html/sidebars/LSB11485v1-2026-09-28-557c1c0ec1e5a68c-b9ca00c5ef44.html,markdown/sidebars/LSB11485v1-2026-09-28-557c1c0ec1e5a68c.md,557c1c0ec1e5a68ca4670393f5fea73182971a434166c8f3975a35d6db7b6686,https://www.congress.gov/crs_external_products/LSB/PDF/LSB11485/LSB11485.1.pdf,EveryCRSReport.com
R40094,Iran’s Nuclear Program: Tehran’s Compliance with International Obligations,2026-09-29,152,pdf/reports/R40094v152-2026-09-29-79407c59fb033457.pdf,html/reports/R40094v152-2026-09-29-79407c59fb033457-2a5f6b190d80.html,markdown/reports/R40094v152-2026-09-29-79407c59fb033457.md,79407c59fb0334575f0d3a2c8ecff37a4cbb62abb19a535294eb51b8e5dac9d6,https://www.congress.gov/crs_external_products/R/PDF/R40094/R40094.152.pdf,EveryCRSReport.com
R40118,An Overview of the HOME Investment Partnerships Program,2026-10-06,29,pdf/reports/R40118v29-2026-10-06-5408af8cb5ae70cc.pdf,html/reports/R40118v29-2026-10-06-5408af8cb5ae70cc-71baf4020425.html,markdown/reports/R40118v29-2026-10-06-5408af8cb5ae70cc.md,5408af8cb5ae70ccf22187ae2ac1269afdab4aae0456d4fa5c65c96a20fb6294,https://www.congress.gov/crs_external_products/R/PDF/R40118/R40118.29.pdf,EveryCRSReport.com
R40504,Contingent Election of the President and Vice President by Congress: Perspectives and Contemporary Analysis,2020-10-06,7,pdf/reports/R40504v7-2020-10-06-75b97e1634716e86.pdf,html/reports/R40504v7-2020-10-06-75b97e1634716e86-b6264cb0ccc7.html,markdown/reports/R40504v7-2020-10-06-75b97e1634716e86.md,75b97e1634716e86a7100dd052a86c484737260694ed1be097307ba2b228a960,https://www.everycrsreport.com/files/2020-10-06_R40504_9b265a31a87debbb97b2ee66a961b559672275e4.pdf,EveryCRSReport.com
R40523,Tax Credit Bonds: Overview and Analysis,2021-04-01,26,pdf/reports/R40523v26-2021-04-01-373afe6aa60c3429.pdf,html/reports/R40523v26-2021-04-01-373afe6aa60c3429-b7ddd218572c.html,markdown/reports/R40523v26-2021-04-01-373afe6aa60c3429.md,373afe6aa60c342975b3a71fab7618f56d8e02276cd7a0533c7419ccc7687ec3,https://www.everycrsreport.com/files/2021-04-01_R40523_151808e223406c61b2d3ebc39af178c8f71f0eaa.pdf,EveryCRSReport.com
R40957,"Unfunded Mandates Reform Act: History, Impact, and Issues",2021-02-23,109,pdf/reports/R40957v109-2021-02-23-d812481a8b233dac.pdf,html/reports/R40957v109-2021-02-23-d812481a8b233dac-6bea9d4f9dac.html,markdown/reports/R40957v109-2021-02-23-d812481a8b233dac.md,d812481a8b233dac19c3eaa999bfa87daaa9e38895b34b6d4fb4bcb5eb5c467f,https://www.everycrsreport.com/files/2021-02-23_R40957_648330709880c53bd0533e2105a1b4368e846ad1.pdf,EveryCRSReport.com
R41759,Past Government Shutdowns: Key Resources,2026-09-16,45,pdf/reports/R41759v45-2026-09-16-abff0bef37f64480.pdf,html/reports/R41759v45-2026-09-16-abff0bef37f64480-83a28de3af72.html,markdown/reports/R41759v45-2026-09-16-abff0bef37f64480.md,abff0bef37f644801d68afde1c2c58b0e5dc595fdc8caf8910e6be9cf2badb2c,https://www.everycrsreport.com/files/2026-09-16_R41759_8508fd1272077352c69bae9a731f538e394fa769.pdf,EveryCRSReport.com
R42016,Prosecution of Public Corruption: An Overview of Amendments Under H.R. 2572 and S. 2038,2012-04-11,13,pdf/reports/R42016v13-2012-04-11-abebefb0c5eece2f.pdf,,markdown/reports/R42016v13-2012-04-11-abebefb0c5eece2f.md,abebefb0c5eece2f85a46f56f23af63fdac50d91436257dc680c57198ed12974,https://www.congress.gov/crs_external_products/R/PDF/R42016/R42016.13.pdf,Congress.gov API
R42078,Financial Transactions Taxes: In Brief,2021-02-23,10,pdf/reports/R42078v10-2021-02-23-93fa2c7849db20f1.pdf,html/reports/R42078v10-2021-02-23-93fa2c7849db20f1-787a1704a194.html,markdown/reports/R42078v10-2021-02-23-93fa2c7849db20f1.md,93fa2c7849db20f1f8b79651bd972ec578dea2ff16770274ec8e728eea3d623e,https://www.everycrsreport.com/files/2021-02-23_R42078_45a6ee354c9213ab99383fa66dfd7ebce524f588.pdf,EveryCRSReport.com
R42346,Federal Land Ownership: Overview and Data,2026-09-14,20,pdf/reports/R42346v20-2026-09-14-78b0db5b6ad303e7.pdf,html/reports/R42346v20-2026-09-14-78b0db5b6ad303e7-abfeb24f495f.html,markdown/reports/R42346v20-2026-09-14-78b0db5b6ad303e7.md,78b0db5b6ad303e7a73e6b274fc2010497ee27b3416bd75a93d10def38805289,https://www.everycrsreport.com/files/2026-09-14_R42346_c4220347ac982efb0aebb44f2a7db48e961ec900.pdf,EveryCRSReport.com
R43141,The National Earthquake Hazards Reduction Program (NEHRP): Overview and Issues for Congress,2026-09-29,32,pdf/reports/R43141v32-2026-09-29-2537512884c67dc0.pdf,html/reports/R43141v32-2026-09-29-2537512884c67dc0-3485d9e98612.html,markdown/reports/R43141v32-2026-09-29-2537512884c67dc0.md,2537512884c67dc0a72d8369df70db0b81aa861fd8c309126a94973b3422ac03,https://www.congress.gov/crs_external_products/R/PDF/R43141/R43141.32.pdf,EveryCRSReport.com
R43522,National Special Security Events: Fact Sheet,2021-01-11,12,pdf/reports/R43522v12-2021-01-11-e1df4ba29164ae92.pdf,html/reports/R43522v12-2021-01-11-e1df4ba29164ae92-6bc746b286df.html,markdown/reports/R43522v12-2021-01-11-e1df4ba29164ae92.md,e1df4ba29164ae927e5e88dc11dd3ccf475ec81971600ec04c973f3b3809f296,https://www.everycrsreport.com/files/2021-01-11_R43522_0c3a33e9ff58ae34d38642a5fddc3c7e8a1015ca.pdf,EveryCRSReport.com
R43568,"Corporate Expatriation, Inversions, and Mergers: Tax Issues",2021-06-17,24,pdf/reports/R43568v24-2021-06-17-0da592e62e0a547d.pdf,html/reports/R43568v24-2021-06-17-0da592e62e0a547d-6b05e2f96573.html,markdown/reports/R43568v24-2021-06-17-0da592e62e0a547d.md,0da592e62e0a547d783c6d7b0f48fc564c295e3f2bbb9b46e205f5455f78036e,https://www.everycrsreport.com/files/2021-06-17_R43568_8af1164e5f617f1f195b8fcd3265079ea106959d.pdf,EveryCRSReport.com
R44389,Statutory Framework for Congressional Management of DOD General and Flag Officers,2026-05-29,20,pdf/reports/R44389v20-2026-05-29-ce982f9b48a4839e.pdf,html/reports/R44389v20-2026-05-29-ce982f9b48a4839e-771a7185b3ee.html,markdown/reports/R44389v20-2026-05-29-ce982f9b48a4839e.md,ce982f9b48a4839e1438e0cb828ba85f44cab0326d9aefa3e4837a4615190e58,https://www.congress.gov/crs_external_products/R/PDF/R44389/R44389.20.pdf,EveryCRSReport.com
R44467,Federal Support for Drug Courts: In Brief,2026-09-11,8,pdf/reports/R44467v8-2026-09-11-742244f6a6e4be2e.pdf,html/reports/R44467v8-2026-09-11-742244f6a6e4be2e-1368a97e1f1f.html,markdown/reports/R44467v8-2026-09-11-742244f6a6e4be2e.md,742244f6a6e4be2ee7d88884f907ba2d5c61ee1ae8e9db711f8fa2c813f542f3,https://www.everycrsreport.com/files/2026-09-11_R44467_0a06a6c1463dfcef5f2b5e1f1a0495650cdced63.pdf,EveryCRSReport.com
R44593,Introduction to the National Flood Insurance Program (NFIP),2026-04-07,74,pdf/reports/R44593v74-2026-04-07-4bda52643a579a62.pdf,html/reports/R44593v74-2026-04-07-4bda52643a579a62-f2f0f5b06df2.html,markdown/reports/R44593v74-2026-04-07-4bda52643a579a62.md,4bda52643a579a627c4dbbcede4fdee15bd69f394272250b7615b19f2cf6046f,https://www.congress.gov/crs_external_products/R/PDF/R44593/R44593.74.pdf,EveryCRSReport.com
R44593,Introduction to the National Flood Insurance Program (NFIP),2026-10-05,76,pdf/reports/R44593v76-2026-10-05-12dcd573ffa8533b.pdf,,markdown/reports/R44593v76-2026-10-05-12dcd573ffa8533b.md,12dcd573ffa8533b0d917d7dfd341393cfa8700a87a82e179c7893303b243823,https://www.congress.gov/crs_external_products/R/PDF/R44593/R44593.76.pdf,Congress.gov API
R44593,Introduction to the National Flood Insurance Program (NFIP),2026-10-05,77,pdf/reports/R44593v77-2026-10-05-5400c0ca12a73943.pdf,html/reports/R44593v77-2026-10-05-5400c0ca12a73943-584851b26be8.html,markdown/reports/R44593v77-2026-10-05-5400c0ca12a73943.md,5400c0ca12a7394351a66303039d5b71156b2b1335f46586015deb4fb416fb21,https://www.congress.gov/crs_external_products/R/PDF/R44593/R44593.77.pdf,EveryCRSReport.com
R44628,Election and Voting Law: Resources for Congressional Offices,2026-10-06,7,pdf/reports/R44628v7-2026-10-06-e195b94077ef8f33.pdf,html/reports/R44628v7-2026-10-06-e195b94077ef8f33-a947918cf7d3.html,markdown/reports/R44628v7-2026-10-06-e195b94077ef8f33.md,e195b94077ef8f33d6d723c08c70b1f0e429c4de6f2399d182d6a80dce3c6584,https://www.congress.gov/crs_external_products/R/PDF/R44628/R44628.7.pdf,EveryCRSReport.com
R44835,Paid Family and Medical Leave in the United States,2026-09-30,33,pdf/reports/R44835v33-2026-09-30-cabb394c03c30d32.pdf,html/reports/R44835v33-2026-09-30-cabb394c03c30d32-a84d3f5ad0c6.html,markdown/reports/R44835v33-2026-09-30-cabb394c03c30d32.md,cabb394c03c30d327500e484c34f06f47f96f083ed648cf3c3756aef509b2b53,https://www.congress.gov/crs_external_products/R/PDF/R44835/R44835.33.pdf,EveryCRSReport.com
R45088,Defense Advanced Research Projects Agency: Overview and Issues for Congress,2021-08-19,15,pdf/reports/R45088v15-2021-08-19-0456634168231ad5.pdf,html/reports/R45088v15-2021-08-19-0456634168231ad5-4bbebfb4c77b.html,markdown/reports/R45088v15-2021-08-19-0456634168231ad5.md,0456634168231ad5f5e6f7b17ecc9bbb28db1deaedb59e4114a0bbaed5ca97cd,https://www.everycrsreport.com/files/2021-08-19_R45088_f8136eb0d6bddb8c6055ad8530e25bf2746d94b0.pdf,EveryCRSReport.com
R45154,"Lame Duck Sessions of Congress, 1935-2024 (74th-118th Congresses)",2026-09-15,16,pdf/reports/R45154v16-2026-09-15-d38f3df05e2090a5.pdf,html/reports/R45154v16-2026-09-15-d38f3df05e2090a5-24e8641f53b3.html,markdown/reports/R45154v16-2026-09-15-d38f3df05e2090a5.md,d38f3df05e2090a529e792a7971f00423179714c066a7ce5ea992b7055aa1e87,https://www.congress.gov/crs_external_products/R/PDF/R45154/R45154.16.pdf,EveryCRSReport.com
R45202,The Federal Budget: Overview and Issues for FY2019 and Beyond,2018-05-22,unknown,pdf/reports/R45202vunknown-2018-05-22-2c62d350212145b3.pdf,html/reports/R45202vunknown-2018-05-22-2c62d350212145b3-35bfe846a749.html,markdown/reports/R45202vunknown-2018-05-22-2c62d350212145b3.md,2c62d350212145b304513b872783a9668a495678779fefbc94dcd53150cbf709,https://www.everycrsreport.com/files/20180522_R45202_11a5f61128f3d668813c82c747ff0438fd18d908.pdf,EveryCRSReport.com
R45210,"Farm Bills: Major Legislative Actions, 19652026",2026-09-23,26,pdf/reports/R45210v26-2026-09-23-c6cf56b34a56316a.pdf,html/reports/R45210v26-2026-09-23-c6cf56b34a56316a-fbe1e6f10e47.html,markdown/reports/R45210v26-2026-09-23-c6cf56b34a56316a.md,c6cf56b34a56316a45980cb2cd9b0f3f82d3a27d12a135ec7ae28f63424df29b,https://www.everycrsreport.com/files/2026-09-23_R45210_d942d7e0fa5d7c5f70ba6dba72333abe0f118580.pdf,EveryCRSReport.com
R45433,USDA Domestic Food Assistance Programs: FY2018 Appropriations,2018-12-11,5,pdf/reports/R45433v5-2018-12-11-5a1484bcc6b67d8c.pdf,,markdown/reports/R45433v5-2018-12-11-5a1484bcc6b67d8c.md,5a1484bcc6b67d8c853e5ec1988a84e86d117dae45ebaba0a131f678c9b860bb,https://www.congress.gov/crs_external_products/R/PDF/R45433/R45433.5.pdf,Congress.gov API
R45546,"Management of the Colorado River: Water Allocations, Drought, and the Federal Role",2026-10-01,52,pdf/reports/R45546v52-2026-10-01-808a92d6a52dd83b.pdf,html/reports/R45546v52-2026-10-01-808a92d6a52dd83b-9488c2a355a7.html,markdown/reports/R45546v52-2026-10-01-808a92d6a52dd83b.md,808a92d6a52dd83b960714c96f1377061cf5b8425ec2678056bcb4c01431527f,https://www.congress.gov/crs_external_products/R/PDF/R45546/R45546.52.pdf,EveryCRSReport.com
R45583,Membership of the 116th Congress: A Profile,2020-12-17,27,pdf/reports/R45583v27-2020-12-17-449494601884e05f.pdf,html/reports/R45583v27-2020-12-17-449494601884e05f-9b6723ab2cbd.html,markdown/reports/R45583v27-2020-12-17-449494601884e05f.md,449494601884e05f7ed47f23231b4b31aab582c85d338bd6e651802e65e3eaf8,https://www.everycrsreport.com/files/2020-12-17_R45583_11963172e35949b986d8b0fd4aaf5d2c25c38de9.pdf,EveryCRSReport.com
R45723,Fiscal Policy: Economic Effects,2021-01-21,10,pdf/reports/R45723v10-2021-01-21-52bb9913961b902e.pdf,html/reports/R45723v10-2021-01-21-52bb9913961b902e-b26390c2e4f0.html,markdown/reports/R45723v10-2021-01-21-52bb9913961b902e.md,52bb9913961b902ec251a7862c7001497311e8921eca97035d0409a65d07365f,https://www.everycrsreport.com/files/2021-01-21_R45723_51b2b5373270cdd445a8d52e1c531659908efbe2.pdf,EveryCRSReport.com
R45743,USDA Domestic Food Assistance Programs: FY2019 Appropriations,2019-05-24,4,pdf/reports/R45743v4-2019-05-24-4ace47e65913be7a.pdf,,markdown/reports/R45743v4-2019-05-24-4ace47e65913be7a.md,4ace47e65913be7aecaba3233826991e9a797b6c34cb0096846c6822636ede13,https://www.congress.gov/crs_external_products/R/PDF/R45743/R45743.4.pdf,Congress.gov API
R45997,Federal Regional Commissions and Authorities: Structural Features and Function,2026-09-17,38,pdf/reports/R45997v38-2026-09-17-7edb0430078ff23f.pdf,html/reports/R45997v38-2026-09-17-7edb0430078ff23f-d42e866d304b.html,markdown/reports/R45997v38-2026-09-17-7edb0430078ff23f.md,7edb0430078ff23fb8caf3d7dbd62e0b415a11aded9ab63f6e0663e57fb1fa17,https://www.everycrsreport.com/files/2026-09-17_R45997_b7343d395864e1762a1f02d5c8d05a235bd1b3e6.pdf,EveryCRSReport.com
R46178,The Charitable Deduction for Individuals: A Brief Legislative History,2020-06-26,3,pdf/reports/R46178v3-2020-06-26-11ea679818d21de7.pdf,html/reports/R46178v3-2020-06-26-11ea679818d21de7-df4acde9a7d0.html,markdown/reports/R46178v3-2020-06-26-11ea679818d21de7.md,11ea679818d21de7bc9a9ebe03ccfd7f48b169bfc8a51b47774d0a888b8bc584,https://www.everycrsreport.com/files/2020-06-26_R46178_86b57054c2b94c47dbddcc1c092fb9559c68fe1f.pdf,EveryCRSReport.com
R46298,General State and Local Fiscal Assistance and COVID-19: Background and Available Data,2021-02-08,5,pdf/reports/R46298v5-2021-02-08-931891118be2378d.pdf,html/reports/R46298v5-2021-02-08-931891118be2378d-a7f9f82cb9fc.html,markdown/reports/R46298v5-2021-02-08-931891118be2378d.md,931891118be2378dee658ab2eb258e00eaf341b2e673b6e4226df7630402b78f,https://www.everycrsreport.com/files/2021-02-08_R46298_f1d56a64f17e6ae81ada16f7d9c932800cf064ef.pdf,EveryCRSReport.com
R46330,Proposals for a COVID-19 Congressional Advisory Commission in the 116th Congress: A Comparative Analysis,2021-01-28,2,pdf/reports/R46330v2-2021-01-28-1a5a98c86b8a8ab8.pdf,html/reports/R46330v2-2021-01-28-1a5a98c86b8a8ab8-b21973e830a7.html,markdown/reports/R46330v2-2021-01-28-1a5a98c86b8a8ab8.md,1a5a98c86b8a8ab8d0ac58f84b87b1a1ff88d0bc0a11071b5fb2dea86cede836,https://www.everycrsreport.com/files/2021-01-28_R46330_425e311454c7842ec99b9b5148409271bbbe7248.pdf,EveryCRSReport.com
R46354,COVID-19 and China: A Chronology of Events (December 2019-January 2020),2020-05-13,3,pdf/reports/R46354v3-2020-05-13-6bdb315422844532.pdf,,markdown/reports/R46354v3-2020-05-13-6bdb315422844532.md,6bdb315422844532efe957c8224b2fa06ba5edf0b79eba55f24fa45dd86ea03f,https://www.congress.gov/crs_external_products/R/PDF/R46354/R46354.3.pdf,Congress.gov API
R46356,COVID-19: Consumer Loan Forbearance and Other Relief Options,2020-10-23,6,pdf/reports/R46356v6-2020-10-23-8765c2f64f58afc6.pdf,html/reports/R46356v6-2020-10-23-8765c2f64f58afc6-4c666abc5cc8.html,markdown/reports/R46356v6-2020-10-23-8765c2f64f58afc6.md,8765c2f64f58afc685faf601b18c0206fbb8791b0a7a89dffc7ded2105f4a565,https://www.everycrsreport.com/files/2020-10-23_R46356_46d446da3579027096e6a7c0a4b5597ba5b89c95.pdf,EveryCRSReport.com
R46377,The Tax Treatment and Economics of Net Operating Losses,2020-10-19,3,pdf/reports/R46377v3-2020-10-19-297f857a319ba0a5.pdf,html/reports/R46377v3-2020-10-19-297f857a319ba0a5-3289d976fb1e.html,markdown/reports/R46377v3-2020-10-19-297f857a319ba0a5.md,297f857a319ba0a59e74c581cdb203f4c66db20877ecdcc6dc28d391d5ce69ed,https://www.everycrsreport.com/files/2020-10-19_R46377_66bc7a332d0823e2f6419bd7c80ce28579d404e0.pdf,EveryCRSReport.com
R46382,Fiscal Federalism: Theory and Practice,2020-06-03,1,pdf/reports/R46382v1-2020-06-03-28161ab3f22d0150.pdf,html/reports/R46382v1-2020-06-03-28161ab3f22d0150-62a9771f4ee1.html,markdown/reports/R46382v1-2020-06-03-28161ab3f22d0150.md,28161ab3f22d015005983e6ab49adfffdb794353e83f0dfb49cdd36e7df4227e,https://www.everycrsreport.com/files/2020-06-03_R46382_c9be98b206885c4b031738b7635d10059788c106.pdf,EveryCRSReport.com
R46410,Repairs and Alterations Backlog at the General Services Administration,2020-06-12,1,pdf/reports/R46410v1-2020-06-12-5a0560b945b1595a.pdf,html/reports/R46410v1-2020-06-12-5a0560b945b1595a-086434a64798.html,markdown/reports/R46410v1-2020-06-12-5a0560b945b1595a.md,5a0560b945b1595afdedf3a582b7fa442318b5da1d41fe2abf951c84d491fa9a,https://www.everycrsreport.com/files/2020-06-12_R46410_203fd1306fa43e9fb19ceaf560c2f83f8a15d823.pdf,EveryCRSReport.com
R46424,Capital Markets Volatility and COVID-19: Background and Policy Responses,2020-06-19,1,pdf/reports/R46424v1-2020-06-19-4299f494fcd4d671.pdf,html/reports/R46424v1-2020-06-19-4299f494fcd4d671-b8be4921e517.html,markdown/reports/R46424v1-2020-06-19-4299f494fcd4d671.md,4299f494fcd4d67110648c9ceeb6930346affad3d56db474f7cc587e0f7ee61f,https://www.everycrsreport.com/files/2020-06-19_R46424_464953fb3a174cc143284936dd726701155f7707.pdf,EveryCRSReport.com
R46429,An Economic Analysis of the Mortgage Interest Deduction,2020-06-25,1,pdf/reports/R46429v1-2020-06-25-1dc7e0aee4986cda.pdf,html/reports/R46429v1-2020-06-25-1dc7e0aee4986cda-02465d3b56fe.html,markdown/reports/R46429v1-2020-06-25-1dc7e0aee4986cda.md,1dc7e0aee4986cda35351b2fda2b7c6fa6dd75c090518efad1089a0c631ac3e6,https://www.everycrsreport.com/files/2020-06-25_R46429_edb7f30fafef9ffd056893901b124ca9775c0000.pdf,EveryCRSReport.com
R46435,Foreign Agents Registration Act (FARA): Background and Issues for Congress,2026-09-15,3,pdf/reports/R46435v3-2026-09-15-3043b76d12185790.pdf,html/reports/R46435v3-2026-09-15-3043b76d12185790-dbddcf040b22.html,markdown/reports/R46435v3-2026-09-15-3043b76d12185790.md,3043b76d1218579091e1c068db7fbdea76f58c39d6dc7c7cac9c390f4da3df31,https://www.everycrsreport.com/files/2026-09-15_R46435_587f08c6bf02264f56fa4b138d02725a7fac7bbd.pdf,EveryCRSReport.com
R46451,"Energy Tax Provisions Expiring in 2020, 2021, 2022, and 2023 (“Tax Extenders”) ",2020-07-14,1,pdf/reports/R46451v1-2020-07-14-230daa5f507a322f.pdf,html/reports/R46451v1-2020-07-14-230daa5f507a322f-946e2856b997.html,markdown/reports/R46451v1-2020-07-14-230daa5f507a322f.md,230daa5f507a322f2a2837abebe9a3bc3c7abe95856bef7e9ca71c82367f00d6,https://www.everycrsreport.com/files/2020-07-14_R46451_3414d85ad68fbb367b79e8451a1a0897469c1c0e.pdf,EveryCRSReport.com
R46455,COVID-19 and Other Election Emergencies: Frequently Asked Questions and Recent Policy Developments,2020-07-16,1,pdf/reports/R46455v1-2020-07-16-3d4cc66bd9764017.pdf,html/reports/R46455v1-2020-07-16-3d4cc66bd9764017-910c0977b680.html,markdown/reports/R46455v1-2020-07-16-3d4cc66bd9764017.md,3d4cc66bd97640172c139f5bcbf44f13af738ad24bb2516d54e7b02da4d28397,https://www.everycrsreport.com/files/2020-07-16_R46455_8c296294cdcb1b4a34947b421f4575002da112e0.pdf,EveryCRSReport.com
R46460,Fiscal Policy and Recovery from the COVID-19 Recession,2021-02-01,10,pdf/reports/R46460v10-2021-02-01-0c329bb533446685.pdf,html/reports/R46460v10-2021-02-01-0c329bb533446685-65c9a04c0728.html,markdown/reports/R46460v10-2021-02-01-0c329bb533446685.md,0c329bb533446685fbcffd5a381c918e7132ca52349e836bbfc082f366f26d13,https://www.everycrsreport.com/files/2021-02-01_R46460_86813478d7db8266c78ce0bcd6dfe17367f1ce99.pdf,EveryCRSReport.com
R46467,CARES Act Payments Use and Recipient Characteristics: In Brief,2020-07-24,1,pdf/reports/R46467v1-2020-07-24-5605226c4c3b37dd.pdf,html/reports/R46467v1-2020-07-24-5605226c4c3b37dd-ef1b45de0f2d.html,markdown/reports/R46467v1-2020-07-24-5605226c4c3b37dd.md,5605226c4c3b37dd838e7063dfa7ba9d7c120ac61c06842edfa669fc18cc4fa4,https://www.everycrsreport.com/files/2020-07-24_R46467_64ba3945b7784205a767520d44aa8652a123b1f1.pdf,EveryCRSReport.com
R46477,The Debt Collection Market and Selected Policy Issues,2021-06-22,5,pdf/reports/R46477v5-2021-06-22-79c4e2f384026164.pdf,html/reports/R46477v5-2021-06-22-79c4e2f384026164-fbc2b08f8e5f.html,markdown/reports/R46477v5-2021-06-22-79c4e2f384026164.md,79c4e2f384026164218baf502b481830a24e1bac64d1c25b4ae926c46794df5e,https://www.everycrsreport.com/files/2021-06-22_R46477_cac55f930d9b78ea6528caca6144b54f804e9ffd.pdf,EveryCRSReport.com
R46486,"Telegraphs, Steamships, and Virtual Currency: An Analysis of Money Transmitter Regulation",2020-08-20,1,pdf/reports/R46486v1-2020-08-20-e82295b8f1d50c37.pdf,html/reports/R46486v1-2020-08-20-e82295b8f1d50c37-394741fb06a9.html,markdown/reports/R46486v1-2020-08-20-e82295b8f1d50c37.md,e82295b8f1d50c3715b3d5e4c51974db44f0c571255c6db05d68b71d529de399,https://www.everycrsreport.com/files/2020-08-20_R46486_b86048dc4ce10c205cdc50c29882654ed5379b88.pdf,EveryCRSReport.com
R46489,Industrial Loan Companies (ILCs): Background and Policy Issues,2020-09-09,4,pdf/reports/R46489v4-2020-09-09-b3da6ef417b2ecca.pdf,html/reports/R46489v4-2020-09-09-b3da6ef417b2ecca-c9f382725085.html,markdown/reports/R46489v4-2020-09-09-b3da6ef417b2ecca.md,b3da6ef417b2ecca39dbe031793ddb98325fdfbf3ebbe5ac1dae0ae384850fbd,https://www.everycrsreport.com/files/2020-09-09_R46489_8f8b8401a58aad9641fa99e57c1e27013949b615.pdf,EveryCRSReport.com
R46533,Confirmation of U.S. Circuit and District Court Nominations During Presidential Election Years: Frequently Asked Questions,2020-09-18,1,pdf/reports/R46533v1-2020-09-18-eafaeed6733642e6.pdf,html/reports/R46533v1-2020-09-18-eafaeed6733642e6-4672954e89f9.html,markdown/reports/R46533v1-2020-09-18-eafaeed6733642e6.md,eafaeed6733642e61bbba7ef7a21f8fa182866eaa24542472b75ec808e2e1635,https://www.everycrsreport.com/files/2020-09-18_R46533_90e2750f70baededd4b57d445721c53dde89df43.pdf,EveryCRSReport.com
R46572,COVID-19 and the Future of Commercial Real Estate Finance	,2020-10-19,1,pdf/reports/R46572v1-2020-10-19-f4458ca35564e59b.pdf,html/reports/R46572v1-2020-10-19-f4458ca35564e59b-17fb51bcb348.html,markdown/reports/R46572v1-2020-10-19-f4458ca35564e59b.md,f4458ca35564e59b97ee4d80b0dd682cd8d9c2fee1837958e7deb0f35d847bf2,https://www.everycrsreport.com/files/2020-10-19_R46572_6ad130d5281ca6f9e485e3e118d2fa08230d9e6a.pdf,EveryCRSReport.com
R46578,COVID-19: Household Debt During the Pandemic,2021-05-06,4,pdf/reports/R46578v4-2021-05-06-3403d2bf9af974a5.pdf,html/reports/R46578v4-2021-05-06-3403d2bf9af974a5-825c0aeaa695.html,markdown/reports/R46578v4-2021-05-06-3403d2bf9af974a5.md,3403d2bf9af974a5e5ac15eb02fb76a78582538378389a18d59159506c764131,https://www.everycrsreport.com/files/2021-05-06_R46578_b5b5af4db5f0ceb99830ce64a55bdc417508eabf.pdf,EveryCRSReport.com
R46594,Federal Real Property Data: Limitations and Implications for Oversight,2020-11-05,1,pdf/reports/R46594v1-2020-11-05-b46acf7b2079a1ca.pdf,html/reports/R46594v1-2020-11-05-b46acf7b2079a1ca-0c59f5315ab8.html,markdown/reports/R46594v1-2020-11-05-b46acf7b2079a1ca.md,b46acf7b2079a1caa7cc3209478762124caab16c87d74ea486d3a5364a0e9c28,https://www.everycrsreport.com/files/2020-11-05_R46594_61f9602f5f2eb41a6b95d57b3cd9941fa352cf0f.pdf,EveryCRSReport.com
R46601,Searches and Seizures at the Border and the Fourth Amendment,2021-03-30,3,pdf/reports/R46601v3-2021-03-30-5e155ed0916cff36.pdf,html/reports/R46601v3-2021-03-30-5e155ed0916cff36-b0339b04dce4.html,markdown/reports/R46601v3-2021-03-30-5e155ed0916cff36.md,5e155ed0916cff363d46b3e6538f68f1022b4d15f10859abda6d5599d75c76f6,https://www.everycrsreport.com/files/2021-03-30_R46601_732ad16224496045e55891eb8442a4c74c752547.pdf,EveryCRSReport.com
R46606,COVID-19 and the U.S. Economy,2021-05-11,3,pdf/reports/R46606v3-2021-05-11-c350956c8108f24f.pdf,html/reports/R46606v3-2021-05-11-c350956c8108f24f-b84d5e0ca929.html,markdown/reports/R46606v3-2021-05-11-c350956c8108f24f.md,c350956c8108f24f130c53c7726d896f09dc78239483da75487b147465759ce5,https://www.everycrsreport.com/files/2021-05-11_R46606_23bb63a929c760f799c009f7d8a7fd472906fae8.pdf,EveryCRSReport.com
R46609,"The Status of Puerto Rico’s Recovery and Ongoing Challenges Following Hurricanes Irma and María: FEMA, SBA, and HUD Assistance",2020-11-13,1,pdf/reports/R46609v1-2020-11-13-3e25d6c1f493e16d.pdf,html/reports/R46609v1-2020-11-13-3e25d6c1f493e16d-cc91698484a1.html,markdown/reports/R46609v1-2020-11-13-3e25d6c1f493e16d.md,3e25d6c1f493e16db716ef025c86d2c3bc5ecfc877a59ab308bf9fe481d2c874,https://www.everycrsreport.com/files/2020-11-13_R46609_d81345f283e361aec0c36358c91cd0608937fe9c.pdf,EveryCRSReport.com
R46644,"Commemorative Legislation in Congress: Trends and Observations, 93rd Through 115th Congresses",2020-12-18,1,pdf/reports/R46644v1-2020-12-18-42d792b87f44567d.pdf,html/reports/R46644v1-2020-12-18-42d792b87f44567d-6954d542bfb1.html,markdown/reports/R46644v1-2020-12-18-42d792b87f44567d.md,42d792b87f44567db7423382f8bdf9f39b081aeec801859a1c6598724d15ac99,https://www.everycrsreport.com/files/2020-12-18_R46644_9ee0390da28dbd90d3ab705c1490510683502049.pdf,EveryCRSReport.com
R46649,The COVID-Related Tax Relief Act of 2020 and Other COVID-Related Tax Provisions in P.L. 116-260,2021-01-05,1,pdf/reports/R46649v1-2021-01-05-04b4fa72d0b898eb.pdf,html/reports/R46649v1-2021-01-05-04b4fa72d0b898eb-ab0a0b5d79be.html,markdown/reports/R46649v1-2021-01-05-04b4fa72d0b898eb.md,04b4fa72d0b898ebe17a99b1c05b693aa8153d0d9b3bb2bb4bef9fb5ab7420e3,https://www.everycrsreport.com/files/2021-01-05_R46649_45893185cd48956fe43fede61d262b4e3a635919.pdf,EveryCRSReport.com
R46659,Changes to House Rules Affecting the Congressional Budget Process Included in H.Res. 8 (117th Congress),2021-01-21,1,pdf/reports/R46659v1-2021-01-21-3617c5d318a059e6.pdf,html/reports/R46659v1-2021-01-21-3617c5d318a059e6-ee72d1847ab9.html,markdown/reports/R46659v1-2021-01-21-3617c5d318a059e6.md,3617c5d318a059e6ee50a5bf2a1a9d5baa8ee86aec761c8ab668b7b32887426f,https://www.everycrsreport.com/files/2021-01-21_R46659_4b50583c61037128b627fad7067092db9eb4b1cf.pdf,EveryCRSReport.com
R46675,S.Con.Res. 5: The Budget Resolution for FY2021,2021-02-08,1,pdf/reports/R46675v1-2021-02-08-af1420c970599754.pdf,html/reports/R46675v1-2021-02-08-af1420c970599754-4171c58a221f.html,markdown/reports/R46675v1-2021-02-08-af1420c970599754.md,af1420c9705997540eab944ee4841f5717458896f64d76ec6f3d38b3fc885416,https://www.everycrsreport.com/files/2021-02-08_R46675_c1c789302447b4c3c1c698a01472ceafc7cf4abe.pdf,EveryCRSReport.com
R46680,"The American Rescue Plan Act of 2021 (ARPA; P.L. 117-2): Title IX, Subtitle G—Tax Provisions Related to Promoting Economic Security ",2021-03-16,10,pdf/reports/R46680v10-2021-03-16-32548ccfb1b2c5fe.pdf,html/reports/R46680v10-2021-03-16-32548ccfb1b2c5fe-4f2d123a3acc.html,markdown/reports/R46680v10-2021-03-16-32548ccfb1b2c5fe.md,32548ccfb1b2c5fec969a7220b5cdfbcd98c5fec1e7754d978402993b41f8b99,https://www.everycrsreport.com/files/2021-03-16_R46680_ad2dbc2ca3d88a7ec8accbd1391cab639bb40ca6.pdf,EveryCRSReport.com
R46685,An Analysis of the Geographic Distribution of the Mortgage Interest Deduction: Before and After the 2017 Tax Revision (P.L. 115-97),2021-02-18,1,pdf/reports/R46685v1-2021-02-18-65a2a1809bc47f55.pdf,html/reports/R46685v1-2021-02-18-65a2a1809bc47f55-7aeec5c55298.html,markdown/reports/R46685v1-2021-02-18-65a2a1809bc47f55.md,65a2a1809bc47f5597ae0dfc94706aaabff7a5d20bf10b5957b96c085c7caef9,https://www.everycrsreport.com/files/2021-02-18_R46685_0f64668363e8373d52ad8f4ceea37c090d8dd626.pdf,EveryCRSReport.com
R46690,Congressional Review Act Issues for the 117th Congress: The Lookback Mechanism and Effects of Disapproval,2021-02-19,1,pdf/reports/R46690v1-2021-02-19-b49c2c583746a9c1.pdf,html/reports/R46690v1-2021-02-19-b49c2c583746a9c1-0bfa35df5426.html,markdown/reports/R46690v1-2021-02-19-b49c2c583746a9c1.md,b49c2c583746a9c1175b71014f0a26708a1a5882945c9993d43fb77443a2132e,https://www.everycrsreport.com/files/2021-02-19_R46690_c78200c445a1678c77cb9770434c9815c61e94ac.pdf,EveryCRSReport.com
R46696,National Preparedness: A Summary and Select Issues,2021-02-26,1,pdf/reports/R46696v1-2021-02-26-7cb2dfd8e1e2de85.pdf,html/reports/R46696v1-2021-02-26-7cb2dfd8e1e2de85-2568ddc492de.html,markdown/reports/R46696v1-2021-02-26-7cb2dfd8e1e2de85.md,7cb2dfd8e1e2de85ac7fe1885e0774c69b2f58a2ef7f8bc13473bc0e480320ba,https://www.everycrsreport.com/files/2021-02-26_R46696_067cf25d9c2b524ab0dc7ba420b8fdfd6ac444c9.pdf,EveryCRSReport.com
R46729,"Federal Deficits, Growing Debt, and the Economy in the Wake of COVID-19",2021-03-23,1,pdf/reports/R46729v1-2021-03-23-fd20e9e34f1264e6.pdf,html/reports/R46729v1-2021-03-23-fd20e9e34f1264e6-40cc9eb37a1b.html,markdown/reports/R46729v1-2021-03-23-fd20e9e34f1264e6.md,fd20e9e34f1264e6bb049e340fc4b1372ea4e925893238f337b73cdb553dc411,https://www.everycrsreport.com/files/2021-03-23_R46729_9fa5b189072f2f4932a2068c419b7d4d79e3e1a9.pdf,EveryCRSReport.com
R46747,"Judiciary Appropriations, FY2021",2021-04-05,1,pdf/reports/R46747v1-2021-04-05-fc1a1dea2e659723.pdf,html/reports/R46747v1-2021-04-05-fc1a1dea2e659723-b9f8c67e3099.html,markdown/reports/R46747v1-2021-04-05-fc1a1dea2e659723.md,fc1a1dea2e659723a15c7d85fa674e83836e7cdafa057be835e48eb73e5c4a8d,https://www.everycrsreport.com/files/2021-04-05_R46747_4ad309fa32345ccd207f948f37d6e5773372062d.pdf,EveryCRSReport.com
R46754,“Technical Corrections” and Other Revisions to the 2017 Tax Revision (P.L. 115-97),2021-04-08,1,pdf/reports/R46754v1-2021-04-08-18c4f108ce929876.pdf,html/reports/R46754v1-2021-04-08-18c4f108ce929876-517d88535c2d.html,markdown/reports/R46754v1-2021-04-08-18c4f108ce929876.md,18c4f108ce92987668f24cb696a84b4e6a3116c6e187d42cffb2a4d94662c96e,https://www.everycrsreport.com/files/2021-04-08_R46754_111b2c4906de95037b3bc828aab3c121f8ab9efd.pdf,EveryCRSReport.com
R46756,Negotiated Rulemaking: In Brief,2021-04-12,1,pdf/reports/R46756v1-2021-04-12-449f64f9543820f1.pdf,html/reports/R46756v1-2021-04-12-449f64f9543820f1-9738282a2f13.html,markdown/reports/R46756v1-2021-04-12-449f64f9543820f1.md,449f64f9543820f1a70ab789066b7d331fcec81e00961cd713a0afcc2835b067,https://www.everycrsreport.com/files/2021-04-12_R46756_f72dec7857316e20d3cd83083de14dc1cde731a2.pdf,EveryCRSReport.com
R46769,The Senate Powersharing Agreement of the 117th Congress (S.Res. 27),2021-04-21,2,pdf/reports/R46769v2-2021-04-21-59ef4565c8399917.pdf,html/reports/R46769v2-2021-04-21-59ef4565c8399917-23104712945d.html,markdown/reports/R46769v2-2021-04-21-59ef4565c8399917.md,59ef4565c8399917e7002606ff75432e8d38557f94973f1e344e8561000b82c8,https://www.everycrsreport.com/files/2021-04-21_R46769_efcefcfe37430721bb0466aa6a5194bdce25ffc6.pdf,EveryCRSReport.com
R46772,Temporary Individual Tax Provisions (“Tax Extenders”),2021-04-26,1,pdf/reports/R46772v1-2021-04-26-9f47c55076733c7c.pdf,html/reports/R46772v1-2021-04-26-9f47c55076733c7c-ec98a44a9c5f.html,markdown/reports/R46772v1-2021-04-26-9f47c55076733c7c.md,9f47c55076733c7cafea439e4ebe9d679d56ec8e75a8f9c310c91914cbc0aa11,https://www.everycrsreport.com/files/2021-04-26_R46772_bf91d76d86c3ead84ebb3951b050a0ad6daeb04d.pdf,EveryCRSReport.com
R46779,Over the Line: Asset Thresholds in Bank Regulation,2021-05-03,7,pdf/reports/R46779v7-2021-05-03-87dda581f70d7e17.pdf,html/reports/R46779v7-2021-05-03-87dda581f70d7e17-70d05200b771.html,markdown/reports/R46779v7-2021-05-03-87dda581f70d7e17.md,87dda581f70d7e17887850d66a7aee3c675e24e8260de88f314cdfb8057f5d16,https://www.everycrsreport.com/files/2021-05-03_R46779_406a1f0ecf96e5c2469ab4b770c16cc4941dfb77.pdf,EveryCRSReport.com
R46790,House Rules Changes Affecting Floor Proceedings in the 117th Congress (2021-2022),2021-05-13,1,pdf/reports/R46790v1-2021-05-13-8c8454b50b61cc41.pdf,html/reports/R46790v1-2021-05-13-8c8454b50b61cc41-222214d21202.html,markdown/reports/R46790v1-2021-05-13-8c8454b50b61cc41.md,8c8454b50b61cc419e48b004a2273eef0b3d3f27ee6c2597624282ca2c848c0a,https://www.everycrsreport.com/files/2021-05-13_R46790_ca66a72c298c85dcdf1712c0bc1db6c1d2801633.pdf,EveryCRSReport.com
R46800,Temporary Business-Related Tax Provisions Expiring 2021-2027 and Business “Tax Extenders” ,2021-05-24,1,pdf/reports/R46800v1-2021-05-24-8b56c34500784eb3.pdf,html/reports/R46800v1-2021-05-24-8b56c34500784eb3-84e0fd9e10a3.html,markdown/reports/R46800v1-2021-05-24-8b56c34500784eb3.md,8b56c34500784eb3696a331fb6e8e4e7cbc993bcbd6f1c7f7a7dcf6597935791,https://www.everycrsreport.com/files/2021-05-24_R46800_750b6c59b82664c75216532942ccf16ee3ee50f8.pdf,EveryCRSReport.com
R46804,House Rules Changes Affecting Committee Procedure in the 117th Congress (2021-2022),2021-05-28,1,pdf/reports/R46804v1-2021-05-28-6fd87184b284d544.pdf,html/reports/R46804v1-2021-05-28-6fd87184b284d544-09dd659b8cc0.html,markdown/reports/R46804v1-2021-05-28-6fd87184b284d544.md,6fd87184b284d5447ff91cc7856efe9725fd8a55b192c89bd670f97a68a55b28,https://www.everycrsreport.com/files/2021-05-28_R46804_0d7035b11cf81075a260e867edb7fb38af151ba3.pdf,EveryCRSReport.com
R46808,China’s Military: The People’s Liberation Army (PLA),2021-06-04,1,pdf/reports/R46808v1-2021-06-04-17d79edc4406dcbb.pdf,html/reports/R46808v1-2021-06-04-17d79edc4406dcbb-7a134d4acc05.html,markdown/reports/R46808v1-2021-06-04-17d79edc4406dcbb.md,17d79edc4406dcbb65736262be9dc1e6d4668166cbca673a396a1c9af44e2a69,https://www.everycrsreport.com/files/2021-06-04_R46808_848c9c293ea2f76c1b766d917401751eeefa03a5.pdf,EveryCRSReport.com
R46911,"Drought in the United States: Science, Policy, and Selected Federal Authorities",2023-03-09,5,pdf/reports/R46911v5-2023-03-09-32e686ce7477954c.pdf,,markdown/reports/R46911v5-2023-03-09-32e686ce7477954c.md,32e686ce7477954cd1e06d3384baa5d9bb9dd815ad0d80a4d1a48a53a1fbab5d,https://www.everycrsreport.com/files/2023-03-09_R46911_a4a2e6b54fd93427196a7f540d4e09e41c27d74b.pdf,EveryCRSReport.com
R46911,"Drought in the United States: Science, Policy, and Selected Federal Authorities",2026-10-02,7,pdf/reports/R46911v7-2026-10-02-610e12757e807eab.pdf,,markdown/reports/R46911v7-2026-10-02-610e12757e807eab.md,610e12757e807eab6d034b79f119f7e9664e8e691db1559874ecc2913d8248fd,https://www.congress.gov/crs_external_products/R/PDF/R46911/R46911.7.pdf,Congress.gov API
R46911,"Drought in the United States: Science, Policy, and Selected Federal Authorities",2026-10-06,9,pdf/reports/R46911v9-2026-10-06-71981cb63acc503e.pdf,html/reports/R46911v9-2026-10-06-71981cb63acc503e-6d00a7f55857.html,markdown/reports/R46911v9-2026-10-06-71981cb63acc503e.md,71981cb63acc503e7fada2e4e764c0da7fa3b95386370eb8bd06d1cf5d4ef755,https://www.congress.gov/crs_external_products/R/PDF/R46911/R46911.9.pdf,EveryCRSReport.com
R46946,Dam Removal: The Federal Role,2024-03-15,5,pdf/reports/R46946v5-2024-03-15-4a8cf37b00955150.pdf,html/reports/R46946v5-2024-03-15-4a8cf37b00955150-42c52b658f76.html,markdown/reports/R46946v5-2024-03-15-4a8cf37b00955150.md,4a8cf37b009551502809bc603abc599c31248d4e6b488058bc1bf214242e1c98,https://www.everycrsreport.com/files/2024-03-15_R46946_3441319344b91526a6ae1b060813d81a59657f24.pdf,EveryCRSReport.com
R47077,U.S. Immigration Courts and the Pending Cases Backlog,2022-04-25,1,pdf/reports/R47077v1-2022-04-25-c43d975e0e03a19c.pdf,html/reports/R47077v1-2022-04-25-c43d975e0e03a19c-6ac628f03f51.html,markdown/reports/R47077v1-2022-04-25-c43d975e0e03a19c.md,c43d975e0e03a19ca3934702450a94003d9f8d343739575b7ea1961622451d56,https://www.everycrsreport.com/files/2022-04-25_R47077_3987a0bf9e02540c632eec8c8ee5c73aa8b554aa.pdf,EveryCRSReport.com
R47339,Ensuring Electricity Infrastructure Resilience Against Deliberate Electromagnetic Threats ,2022-12-14,1,pdf/reports/R47339v1-2022-12-14-eb6016a9e00f9243.pdf,html/reports/R47339v1-2022-12-14-eb6016a9e00f9243-80ced4d4385d.html,markdown/reports/R47339v1-2022-12-14-eb6016a9e00f9243.md,eb6016a9e00f9243fc460d62f2a2f6756ab76cdfa6b055e72f1af82f9edcedca,https://www.everycrsreport.com/files/2022-12-14_R47339_a4e31be7578b583bc68576364c548a31397e2c2a.pdf,EveryCRSReport.com
R47558,Semiconductors and the CHIPS Act: The Global Context,2023-09-28,3,pdf/reports/R47558v3-2023-09-28-00ee2803d643b4a6.pdf,html/reports/R47558v3-2023-09-28-00ee2803d643b4a6-3b073984184c.html,markdown/reports/R47558v3-2023-09-28-00ee2803d643b4a6.md,00ee2803d643b4a6c50fdc399ef46a44e5ce168854f2fdc28dc9250fec22bc44,https://www.everycrsreport.com/files/2023-09-28_R47558_321f52a4e7b8f2c4225f36c7c0316cfa3aeef9ac.pdf,EveryCRSReport.com
R47627,Electricity Transmission Permitting Reform: Issues and Legislative Proposals,2026-04-27,14,pdf/reports/R47627v14-2026-04-27-d3b0e55614662a78.pdf,html/reports/R47627v14-2026-04-27-d3b0e55614662a78-5b0b5c16ac6e.html,markdown/reports/R47627v14-2026-04-27-d3b0e55614662a78.md,d3b0e55614662a780db10fc5371067b00ef5ee705d081de8eef5731549d01daf,https://www.congress.gov/crs_external_products/R/PDF/R47627/R47627.14.pdf,EveryCRSReport.com
R47627,Electricity Transmission Permitting Reform: Issues and Legislative Proposals,2026-10-05,15,pdf/reports/R47627v15-2026-10-05-1b4bc88d4aba3ae8.pdf,html/reports/R47627v15-2026-10-05-1b4bc88d4aba3ae8-e92dfdd5622b.html,markdown/reports/R47627v15-2026-10-05-1b4bc88d4aba3ae8.md,1b4bc88d4aba3ae875e45de55dab8aeffc62bba883eb1fd38d01fba0556c67c2,https://www.congress.gov/crs_external_products/R/PDF/R47627/R47627.15.pdf,EveryCRSReport.com
R47663,Department of Homeland Security Appropriations: FY2024 Provisions,2024-05-23,6,pdf/reports/R47663v6-2024-05-23-b06c8dd9fa529ad9.pdf,html/reports/R47663v6-2024-05-23-b06c8dd9fa529ad9-a02fa981af31.html,markdown/reports/R47663v6-2024-05-23-b06c8dd9fa529ad9.md,b06c8dd9fa529ad9c0dd38ce4efc764f3115b9bb18982178e01fe7174f6fb849,https://www.everycrsreport.com/files/2024-05-23_R47663_8b9dd6815e0d9abc8cfa73203b4e35c2cad318d5.pdf,EveryCRSReport.com
R48064,Considerations for Federal Leasing of Onshore Energy: Oil and Gas and Geothermal Power,2026-09-14,12,pdf/reports/R48064v12-2026-09-14-0c608d83ae102a9f.pdf,html/reports/R48064v12-2026-09-14-0c608d83ae102a9f-0881fb1e22c3.html,markdown/reports/R48064v12-2026-09-14-0c608d83ae102a9f.md,0c608d83ae102a9f801a0c9e16c02428937754321c2f3a5026260d0e781e9a0a,https://www.everycrsreport.com/files/2026-09-14_R48064_834a9374194632d42c82b15e414470facd2d9947.pdf,EveryCRSReport.com
R48067,Attacks on Ukraine’s Electric Grid: Insights for U.S. Infrastructure Security and Resilience,2024-05-17,11,pdf/reports/R48067v11-2024-05-17-897fa0c9581e7c5b.pdf,html/reports/R48067v11-2024-05-17-897fa0c9581e7c5b-57967c11036c.html,markdown/reports/R48067v11-2024-05-17-897fa0c9581e7c5b.md,897fa0c9581e7c5b9ee1c28636a65437a8ae61765976cd690a661c4b7c5b33e9,https://www.everycrsreport.com/files/2024-05-17_R48067_ec9b146372fac1c17e466dabba91199bfafbe564.pdf,EveryCRSReport.com
R48093,Federal-Tribal Consultation: Background and Issues for Congress,2026-09-23,4,pdf/reports/R48093v4-2026-09-23-83d613e3c35e80e5.pdf,html/reports/R48093v4-2026-09-23-83d613e3c35e80e5-746e2df11ac0.html,markdown/reports/R48093v4-2026-09-23-83d613e3c35e80e5.md,83d613e3c35e80e55ed6f575ea73586580c400b1b47b55ec861819a1a248fd15,https://www.everycrsreport.com/files/2026-09-23_R48093_40730d0eeeab1a0c38e9fd99ee5562d1326d6583.pdf,EveryCRSReport.com
R48126,Department of Homeland Security Appropriations: FY2025 Provisions,2025-04-18,5,pdf/reports/R48126v5-2025-04-18-3c1773e6cc020d92.pdf,html/reports/R48126v5-2025-04-18-3c1773e6cc020d92-a78f6d8df672.html,markdown/reports/R48126v5-2025-04-18-3c1773e6cc020d92.md,3c1773e6cc020d92752f7f88631a15b73b5b1904774e0842dba19f407baa9871,https://www.everycrsreport.com/files/2025-04-18_R48126_107adde354dda523c32f1e1d47c7e18c11bc0817.pdf,EveryCRSReport.com
R48363,The Integrated Public Alert and Warning System (IPAWS): Primer and Issues for Congress,2026-01-15,5,pdf/reports/R48363v5-2026-01-15-922b610e5ea2f756.pdf,html/reports/R48363v5-2026-01-15-922b610e5ea2f756-7071770b7d90.html,markdown/reports/R48363v5-2026-01-15-922b610e5ea2f756.md,922b610e5ea2f756519ca12676c3decddeb4134da87c9322c419cfa8c49b7276,https://www.congress.gov/crs_external_products/R/PDF/R48363/R48363.5.pdf,EveryCRSReport.com
R48448,Gender and School Sports: Federal Action and Legal Challenges to State Laws,2026-09-15,7,pdf/reports/R48448v7-2026-09-15-a6533445869fa418.pdf,html/reports/R48448v7-2026-09-15-a6533445869fa418-1fb83c1fa4e4.html,markdown/reports/R48448v7-2026-09-15-a6533445869fa418.md,a6533445869fa418a4d34e0f7cb0fb911da03813afb8311e1a506f44e3bd9e6e,https://www.congress.gov/crs_external_products/R/PDF/R48448/R48448.7.pdf,EveryCRSReport.com
R48482,Science and Technology Issues for the 119th Congress,2026-04-02,3,pdf/reports/R48482v3-2026-04-02-7eb4469cfae6b3a5.pdf,html/reports/R48482v3-2026-04-02-7eb4469cfae6b3a5-ed44b33d7661.html,markdown/reports/R48482v3-2026-04-02-7eb4469cfae6b3a5.md,7eb4469cfae6b3a5e890e3b670efe61138fa7e2618c8c2563b71aa50208fedbd,https://www.congress.gov/crs_external_products/R/PDF/R48482/R48482.3.pdf,EveryCRSReport.com
R48568,Federal Power Act: The Department of Energy’s Emergency Authority,2026-10-01,9,pdf/reports/R48568v9-2026-10-01-0247143b4d410e55.pdf,html/reports/R48568v9-2026-10-01-0247143b4d410e55-d6c058324b61.html,markdown/reports/R48568v9-2026-10-01-0247143b4d410e55.md,0247143b4d410e55b7413fe19cdd27fb5ff24e07cddef206edf994d5add21ac3,https://www.congress.gov/crs_external_products/R/PDF/R48568/R48568.9.pdf,EveryCRSReport.com
R48632,National Alerts: A Primer and Selected Issues for Congress,2025-08-15,1,pdf/reports/R48632v1-2025-08-15-9816cdd7ddda6f8f.pdf,html/reports/R48632v1-2025-08-15-9816cdd7ddda6f8f-c691e1ab9746.html,markdown/reports/R48632v1-2025-08-15-9816cdd7ddda6f8f.md,9816cdd7ddda6f8f2684f2e65a828ed9de8e6cce22d623edc7560e36818cc9d6,https://www.congress.gov/crs_external_products/R/PDF/R48632/R48632.1.pdf,EveryCRSReport.com
R48704,Understanding the FY2026 DHS Budget Request,2025-09-05,3,pdf/reports/R48704v3-2025-09-05-9e970fa2b6f1f1fc.pdf,html/reports/R48704v3-2025-09-05-9e970fa2b6f1f1fc-1b534e73701b.html,markdown/reports/R48704v3-2025-09-05-9e970fa2b6f1f1fc.md,9e970fa2b6f1f1fcb42a4bf42522fc247d28644e65841d86569f336212056c3e,https://www.everycrsreport.com/files/2025-09-05_R48704_b9c339160846a3e04b261b1a4baa7343cb7a327e.pdf,EveryCRSReport.com
R48705,Department of Homeland Security Appropriations: FY2026 Provisions,2026-08-14,6,pdf/reports/R48705v6-2026-08-14-1e780e1c78144d16.pdf,html/reports/R48705v6-2026-08-14-1e780e1c78144d16-6af39007aa28.html,markdown/reports/R48705v6-2026-08-14-1e780e1c78144d16.md,1e780e1c78144d1664eff2d351c27fdd855b5d0a56e3c9b8541476f393ff8309,https://www.everycrsreport.com/files/2026-08-14_R48705_a0f43f2e3244a91ea958933934808454502354bd.pdf,EveryCRSReport.com
R48743,Housing Issues in the 119th Congress,2026-09-25,3,pdf/reports/R48743v3-2026-09-25-9357ff8f1d41d12b.pdf,html/reports/R48743v3-2026-09-25-9357ff8f1d41d12b-3658a31334de.html,markdown/reports/R48743v3-2026-09-25-9357ff8f1d41d12b.md,9357ff8f1d41d12bf783fcbc5f9902bfdf13d268aff27cab08040904d4c7879e,https://www.congress.gov/crs_external_products/R/PDF/R48743/R48743.3.pdf,EveryCRSReport.com
R48787,USMCA Joint Review: Process and Role of Congress,2026-09-29,4,pdf/reports/R48787v4-2026-09-29-625d62fa41411cdd.pdf,html/reports/R48787v4-2026-09-29-625d62fa41411cdd-c2ab44636cc1.html,markdown/reports/R48787v4-2026-09-29-625d62fa41411cdd.md,625d62fa41411cdddf2cece9d0a042341713fbf7156dbffe9077605873fdb3ed,https://www.congress.gov/crs_external_products/R/PDF/R48787/R48787.4.pdf,EveryCRSReport.com
R48859,Mexico: Background and Key Issues in U.S. Relations,2026-09-23,6,pdf/reports/R48859v6-2026-09-23-4007c643af6ced9f.pdf,html/reports/R48859v6-2026-09-23-4007c643af6ced9f-caee373296bd.html,markdown/reports/R48859v6-2026-09-23-4007c643af6ced9f.md,4007c643af6ced9fb1cfb788ddde46b94b27fb7e5322574196a0f84feb598462,https://www.everycrsreport.com/files/2026-09-23_R48859_4b04085ed84cb339b2ed8212b796d9dcf8d8d207.pdf,EveryCRSReport.com
R48864,The SUPPORT for Patients and Communities Reauthorization Act of 2025: SectionbySection Summary,2026-09-30,5,pdf/reports/R48864v5-2026-09-30-3920c55d81069fe8.pdf,html/reports/R48864v5-2026-09-30-3920c55d81069fe8-5e821235f821.html,markdown/reports/R48864v5-2026-09-30-3920c55d81069fe8.md,3920c55d81069fe8d18ab7f634cc004d6e5b4c3b79bcf1ac7a242d1ac59bccdd,https://www.congress.gov/crs_external_products/R/PDF/R48864/R48864.5.pdf,EveryCRSReport.com
R48874,Department of Homeland Security Appropriations: FY2026 State of Play,2026-06-24,3,pdf/reports/R48874v3-2026-06-24-405fc9800e00757e.pdf,html/reports/R48874v3-2026-06-24-405fc9800e00757e-5eeabaf68f0c.html,markdown/reports/R48874v3-2026-06-24-405fc9800e00757e.md,405fc9800e00757e3f8a3a0c8f647e77f08f83dd0007b2cdc45b325a4d32730b,https://www.everycrsreport.com/files/2026-06-24_R48874_52f16680ae906890c68a730145ff792f9e416710.pdf,EveryCRSReport.com
R48887,U.S. Conflict with Iran,2026-09-18,3,pdf/reports/R48887v3-2026-09-18-a5628c9a17d4e6f3.pdf,html/reports/R48887v3-2026-09-18-a5628c9a17d4e6f3-2f5946dc3be9.html,markdown/reports/R48887v3-2026-09-18-a5628c9a17d4e6f3.md,a5628c9a17d4e6f37e807b4f5070a392ef55364a8ba47839ac84556929c4b880,https://www.everycrsreport.com/files/2026-09-18_R48887_bfd76010a42a6c04dd7691ebd96d44b2dcb54418.pdf,EveryCRSReport.com
R49327,Army Corps Provisions in Water Resources Development Act of 2026 (WRDA 2026) Legislation: In Brief,2026-09-25,6,pdf/reports/R49327v6-2026-09-25-80e5e03a6c5f98f4.pdf,html/reports/R49327v6-2026-09-25-80e5e03a6c5f98f4-0efa17e89453.html,markdown/reports/R49327v6-2026-09-25-80e5e03a6c5f98f4.md,80e5e03a6c5f98f4d7d2b5b59d4bd660a143522324e13b8fd5eb30401142cc9b,https://www.congress.gov/crs_external_products/R/PDF/R49327/R49327.6.pdf,EveryCRSReport.com
R49334,Judicial and Administrative Developments in the Tax Treatment of Digital Assets,2026-09-21,4,pdf/reports/R49334v4-2026-09-21-5afcf8982118f5f0.pdf,html/reports/R49334v4-2026-09-21-5afcf8982118f5f0-8851a71e6d85.html,markdown/reports/R49334v4-2026-09-21-5afcf8982118f5f0.md,5afcf8982118f5f0dcb97adf8b99ad91615fd4ef12f45baece106356f4ed55a3,https://www.everycrsreport.com/files/2026-09-21_R49334_92cef7496b152d8fba23228f0c7e9c7c49a44829.pdf,EveryCRSReport.com
R49336,Understanding State Capacity for Emergency Management,2026-09-03,1,pdf/reports/R49336v1-2026-09-03-e2fa47257d6c4816.pdf,html/reports/R49336v1-2026-09-03-e2fa47257d6c4816-c0d6e88c103b.html,markdown/reports/R49336v1-2026-09-03-e2fa47257d6c4816.md,e2fa47257d6c4816c80344d828c1237dd6072d4ad29bde87b1ca824a7edc33bd,https://www.everycrsreport.com/files/2026-09-03_R49336_cb22912c0c02b9e94629f661c356eaf37d7a2a0c.pdf,EveryCRSReport.com
R49341,"Transportation, Housing and Urban Development, and Related Agencies (THUD) Appropriations for FY2027",2026-09-03,6,pdf/reports/R49341v6-2026-09-03-3bc633f2f49ea51d.pdf,html/reports/R49341v6-2026-09-03-3bc633f2f49ea51d-834569136d51.html,markdown/reports/R49341v6-2026-09-03-3bc633f2f49ea51d.md,3bc633f2f49ea51ddaac2f7a58b103e635a88c86e73203ecf9a9d7c4b6977b0e,https://www.everycrsreport.com/files/2026-09-03_R49341_4598a4b762c48bb67346b3ff26a6ad84a736c75f.pdf,EveryCRSReport.com
R49342,Department of Homeland Security Appropriations: FY2027 Provisions,2026-09-05,1,pdf/reports/R49342v1-2026-09-05-83028599c86959a9.pdf,html/reports/R49342v1-2026-09-05-83028599c86959a9-de79bcf9411a.html,markdown/reports/R49342v1-2026-09-05-83028599c86959a9.md,83028599c86959a9c808b63af73b12ee87ee064d3c07418a9a239717fac74c55,https://www.everycrsreport.com/files/2026-09-05_R49342_117960832c6c70b7386589598092fec566040f87.pdf,EveryCRSReport.com
R49344,"Status of FY2027 Labor, Health and Human Services, and Education Appropriations: In Brief",2026-09-08,2,pdf/reports/R49344v2-2026-09-08-beccd30028640bf4.pdf,html/reports/R49344v2-2026-09-08-beccd30028640bf4-510ef4ffc51f.html,markdown/reports/R49344v2-2026-09-08-beccd30028640bf4.md,beccd30028640bf42d0ae038e5c8f52cb18c1a42754c64ae4a556d54af770661,https://www.everycrsreport.com/files/2026-09-08_R49344_7a65f4e6cd3a8682b7b7cbb0edde798eb5c0b49d.pdf,EveryCRSReport.com
R49351,GENIUS Act (P.L. 119-27): Creating a Regulatory Framework for Stablecoins,2026-09-17,1,pdf/reports/R49351v1-2026-09-17-3675ad90600b36f3.pdf,html/reports/R49351v1-2026-09-17-3675ad90600b36f3-6875fb42e90c.html,markdown/reports/R49351v1-2026-09-17-3675ad90600b36f3.md,3675ad90600b36f30e0057806239d9dca2de77868d513a226732a9001809e94b,https://www.everycrsreport.com/files/2026-09-17_R49351_d00a82507e87a322a74f062b59fee407e2d194b3.pdf,EveryCRSReport.com
R49352,Mongolia: In Brief,2026-09-16,1,pdf/reports/R49352v1-2026-09-16-817424042ae91a11.pdf,html/reports/R49352v1-2026-09-16-817424042ae91a11-1c5f0db2f04f.html,markdown/reports/R49352v1-2026-09-16-817424042ae91a11.md,817424042ae91a1115428485ba92500ab6bf03cd6b90f5e13e050ae0dbb8f13e,https://www.everycrsreport.com/files/2026-09-16_R49352_39d3a68385c2b883186017cc366e9a11b987ba51.pdf,EveryCRSReport.com
R49353,Overview of Continuing Appropriations for FY2027 (Division A of P.L. 119-103),2026-09-17,1,pdf/reports/R49353v1-2026-09-17-72d8cb7947841e25.pdf,html/reports/R49353v1-2026-09-17-72d8cb7947841e25-d8bad2aee0e3.html,markdown/reports/R49353v1-2026-09-17-72d8cb7947841e25.md,72d8cb7947841e2540b3ad53808e6045eb7c166d623e6e16458049cedd4f019c,https://www.everycrsreport.com/files/2026-09-17_R49353_23c606391f06ea931ebe02a8ffd1e374d807cca9.pdf,EveryCRSReport.com
R49354,The 21st Century ROAD to Housing Act (P.L. 119-101),2026-09-17,1,pdf/reports/R49354v1-2026-09-17-3e0d4037aa386997.pdf,html/reports/R49354v1-2026-09-17-3e0d4037aa386997-15058ad62290.html,markdown/reports/R49354v1-2026-09-17-3e0d4037aa386997.md,3e0d4037aa38699755257e7e3b9369336979e95258ac5e2dce63d445792b255f,https://www.everycrsreport.com/files/2026-09-17_R49354_14fc56901aa3e195c52adabf8c8b3c0969b13108.pdf,EveryCRSReport.com
R49355,Fishery Resource Disaster Assistance,2026-09-18,2,pdf/reports/R49355v2-2026-09-18-4e0c2823eff81092.pdf,html/reports/R49355v2-2026-09-18-4e0c2823eff81092-b37983aa7121.html,markdown/reports/R49355v2-2026-09-18-4e0c2823eff81092.md,4e0c2823eff810920504350f8380b25ee7d52f394809e6dacbbe7bb1bff7d274,https://www.everycrsreport.com/files/2026-09-18_R49355_882041e8c1701fbc57642f9f9a206d37e20f08b8.pdf,EveryCRSReport.com
R49356,Internal Revenue Service’s Statistics of Income (SOI): Current Available Tabulations by State and Local Area,2026-09-21,1,pdf/reports/R49356v1-2026-09-21-7cf4715a8eb96e20.pdf,html/reports/R49356v1-2026-09-21-7cf4715a8eb96e20-70c6e2db1dd0.html,markdown/reports/R49356v1-2026-09-21-7cf4715a8eb96e20.md,7cf4715a8eb96e20aac9cffd54dc8d670977763c1b0e61c705c5d3377d51e13e,https://www.everycrsreport.com/files/2026-09-21_R49356_7c7bd9f0417353b05bfea0fee2d8a423051610f8.pdf,EveryCRSReport.com
R49357,"Judiciary Appropriations, FY2026",2026-09-21,1,pdf/reports/R49357v1-2026-09-21-5e21d0f9f0d65f7d.pdf,html/reports/R49357v1-2026-09-21-5e21d0f9f0d65f7d-cf8d6d730d91.html,markdown/reports/R49357v1-2026-09-21-5e21d0f9f0d65f7d.md,5e21d0f9f0d65f7d91fa0a93c886fb0e54e060dce949cc52adfcbec1635e16e0,https://www.everycrsreport.com/files/2026-09-21_R49357_482a193eb782e74ae8e1d6027c3a09e99e5fdfd9.pdf,EveryCRSReport.com
R49358,Analyzing the Incidence of the Corporate Income Tax: Models and Statistical Estimates,2026-09-22,1,pdf/reports/R49358v1-2026-09-22-89b218c0d9494241.pdf,html/reports/R49358v1-2026-09-22-89b218c0d9494241-4a6ce9fb8020.html,markdown/reports/R49358v1-2026-09-22-89b218c0d9494241.md,89b218c0d949424102edb2013b86f7285bbb01d6396cd1a037417af8e727b155,https://www.everycrsreport.com/files/2026-09-22_R49358_472f84dd10aa0752253ec5b427eb40742590223f.pdf,EveryCRSReport.com
R49359,College Sports Media Rights: Background and Issues for Congressional Consideration,2026-09-23,1,pdf/reports/R49359v1-2026-09-23-0b6a76f2a3d872c4.pdf,html/reports/R49359v1-2026-09-23-0b6a76f2a3d872c4-50dd9a867973.html,markdown/reports/R49359v1-2026-09-23-0b6a76f2a3d872c4.md,0b6a76f2a3d872c4fd0badb0d87abfb9cf6309a708129345c20d33779057c378,https://www.everycrsreport.com/files/2026-09-23_R49359_4b188886935ea4fa107ed9e2bb9804e61bbc0a8f.pdf,EveryCRSReport.com
R49360,The Second Amendment and Aliens Unlawfully Present in the United States,2026-09-25,1,pdf/reports/R49360v1-2026-09-25-0edd5e5b29f87c74.pdf,html/reports/R49360v1-2026-09-25-0edd5e5b29f87c74-d46eb8e8dbbb.html,markdown/reports/R49360v1-2026-09-25-0edd5e5b29f87c74.md,0edd5e5b29f87c74ff940c5bb99569e88a9f64d7c7d823a21ac24aba1377ebb6,https://www.congress.gov/crs_external_products/R/PDF/R49360/R49360.1.pdf,EveryCRSReport.com
R49361,Corporate Average Fuel Economy (CAFE) Standards,2026-09-24,1,pdf/reports/R49361v1-2026-09-24-2293a19a3f414a62.pdf,html/reports/R49361v1-2026-09-24-2293a19a3f414a62-81669c0838d9.html,markdown/reports/R49361v1-2026-09-24-2293a19a3f414a62.md,2293a19a3f414a62008764bbd98f5799d3d9ea6567d0e12f85853d09b7c932f4,https://www.congress.gov/crs_external_products/R/PDF/R49361/R49361.1.pdf,EveryCRSReport.com
R49361,Corporate Average Fuel Economy Standards,2026-10-05,4,pdf/reports/R49361v4-2026-10-05-931b55aff5cda438.pdf,html/reports/R49361v4-2026-10-05-931b55aff5cda438-02a9c5b12a54.html,markdown/reports/R49361v4-2026-10-05-931b55aff5cda438.md,931b55aff5cda4385d60c08353cb4cbf90b5fbd3a92aaef813776a4767323e96,https://www.congress.gov/crs_external_products/R/PDF/R49361/R49361.4.pdf,EveryCRSReport.com
R49361,Corporate Average Fuel Economy Standards,2026-10-05,3,pdf/reports/R49361v3-2026-10-05-cad74c1bd4484cae.pdf,,markdown/reports/R49361v3-2026-10-05-cad74c1bd4484cae.md,cad74c1bd4484cae951330e1b738ba3a33eb7f6d586d18990dbc35e0807edf45,https://www.congress.gov/crs_external_products/R/PDF/R49361/R49361.3.pdf,Congress.gov API
R49363,Temporary Protected Status: History and Issues for Congress,2026-09-28,1,pdf/reports/R49363v1-2026-09-28-2737676a89f5ad0f.pdf,html/reports/R49363v1-2026-09-28-2737676a89f5ad0f-f948ba4a07dd.html,markdown/reports/R49363v1-2026-09-28-2737676a89f5ad0f.md,2737676a89f5ad0f0132ebbb751db4e0c55cdc6e3ce5d8e00e3e504a94d3cea4,https://www.congress.gov/crs_external_products/R/PDF/R49363/R49363.1.pdf,EveryCRSReport.com
R49408,Overview of Fiscal Spending Projections: FY2027 Budget Cycle,2026-09-30,1,pdf/reports/R49408v1-2026-09-30-d9d67b3710b5805f.pdf,html/reports/R49408v1-2026-09-30-d9d67b3710b5805f-ecfa32f0917a.html,markdown/reports/R49408v1-2026-09-30-d9d67b3710b5805f.md,d9d67b3710b5805f40029c60e2a45e351131e8a7c8848eda8629d55e4bd2c084,https://www.congress.gov/crs_external_products/R/PDF/R49408/R49408.1.pdf,EveryCRSReport.com
R49419,State-Law Climate Tort Suits and Suncor Energy (U.S.A.) Inc. v. County Commissioners of Boulder County: A Primer for Congress,2026-09-30,1,pdf/reports/R49419v1-2026-09-30-5a83de76f883e38f.pdf,html/reports/R49419v1-2026-09-30-5a83de76f883e38f-c7dd81bfa97d.html,markdown/reports/R49419v1-2026-09-30-5a83de76f883e38f.md,5a83de76f883e38f3d97f84d8c0b1e33640a31e57b68fe91de9f6d9d2943d7eb,https://www.congress.gov/crs_external_products/R/PDF/R49419/R49419.1.pdf,EveryCRSReport.com
R49421,Connecting Constituents to Information About Census Bureau Surveys: Frequently Asked Questions,2026-09-30,1,pdf/reports/R49421v1-2026-09-30-a64afc9c8fafb8db.pdf,html/reports/R49421v1-2026-09-30-a64afc9c8fafb8db-d61e694337f5.html,markdown/reports/R49421v1-2026-09-30-a64afc9c8fafb8db.md,a64afc9c8fafb8dbb4c70d33fa0fa06c7fae5a30eee594c192f8f0f1c782dc00,https://www.congress.gov/crs_external_products/R/PDF/R49421/R49421.1.pdf,EveryCRSReport.com
R49427,Department of Homeland Security Appropriations: FY2027 State of Play,2026-09-30,2,pdf/reports/R49427v2-2026-09-30-254a9f4736e16e98.pdf,html/reports/R49427v2-2026-09-30-254a9f4736e16e98-2cff6f153c15.html,markdown/reports/R49427v2-2026-09-30-254a9f4736e16e98.md,254a9f4736e16e98524064c74e03dc7d85390a4190634ff921a95b4a27661d80,https://www.congress.gov/crs_external_products/R/PDF/R49427/R49427.2.pdf,EveryCRSReport.com
R49432,Online Scam Centers in Southeast Asia: Background and U.S. Responses,2026-09-30,1,pdf/reports/R49432v1-2026-09-30-42a1c09d10d4e0c8.pdf,html/reports/R49432v1-2026-09-30-42a1c09d10d4e0c8-e0cabb3b7065.html,markdown/reports/R49432v1-2026-09-30-42a1c09d10d4e0c8.md,42a1c09d10d4e0c887e48a5a0504177f271d4b9535f027255f67bbc3ad4eb7a0,https://www.congress.gov/crs_external_products/R/PDF/R49432/R49432.1.pdf,EveryCRSReport.com
R49436,Digital Health Information Interoperability: Background and Selected Policy Considerations,2026-09-29,1,pdf/reports/R49436v1-2026-09-29-3659befa48c22bb4.pdf,html/reports/R49436v1-2026-09-29-3659befa48c22bb4-39d8972a1da2.html,markdown/reports/R49436v1-2026-09-29-3659befa48c22bb4.md,3659befa48c22bb46b885745fda24f09609638dc808646c19a5329d1bc87f788,https://www.congress.gov/crs_external_products/R/PDF/R49436/R49436.1.pdf,EveryCRSReport.com
R49457,Measuring Housing Affordability,2026-10-01,1,pdf/reports/R49457v1-2026-10-01-0e6a97e905e86a4f.pdf,html/reports/R49457v1-2026-10-01-0e6a97e905e86a4f-72e56a99df92.html,markdown/reports/R49457v1-2026-10-01-0e6a97e905e86a4f.md,0e6a97e905e86a4f60583ff611be9bea4065aa31c2d1d40cb727c07482065a81,https://www.congress.gov/crs_external_products/R/PDF/R49457/R49457.1.pdf,EveryCRSReport.com
R49477,Classwide Scheduling of Controlled Substances,2026-10-02,1,pdf/reports/R49477v1-2026-10-02-6618be566b7b5e61.pdf,html/reports/R49477v1-2026-10-02-6618be566b7b5e61-78f0d990a9c0.html,markdown/reports/R49477v1-2026-10-02-6618be566b7b5e61.md,6618be566b7b5e61dd595e4f9f5814973a0990c93e58212fe7e2f16a1162aaa4,https://www.congress.gov/crs_external_products/R/PDF/R49477/R49477.1.pdf,EveryCRSReport.com
R49478,El Salvador in Brief: Overview and U.S. Relations,2026-10-06,1,pdf/reports/R49478v1-2026-10-06-302a8a4adc106377.pdf,html/reports/R49478v1-2026-10-06-302a8a4adc106377-38d92455a272.html,markdown/reports/R49478v1-2026-10-06-302a8a4adc106377.md,302a8a4adc1063778ff0c82dbadb127fc0316a953b793ab05b18ff9da02439ce,https://www.congress.gov/crs_external_products/R/PDF/R49478/R49478.1.pdf,EveryCRSReport.com
RL30378,African American Members of the U.S. Congress: 1870-2020,2020-12-15,31,pdf/reports/RL30378v31-2020-12-15-f9803dae73e4cb7d.pdf,html/reports/RL30378v31-2020-12-15-f9803dae73e4cb7d-edaa085fa76f.html,markdown/reports/RL30378v31-2020-12-15-f9803dae73e4cb7d.md,f9803dae73e4cb7dfbe3496a71ec5329e6fdecf6634265f5a10051434c59f97a,https://www.everycrsreport.com/files/2020-12-15_RL30378_575cd68ddfff6d8f1ff53c1a71e75262f4aa334d.pdf,EveryCRSReport.com
RL32781,Federal Deductibility of State and Local Taxes,2026-09-25,59,pdf/reports/RL32781v59-2026-09-25-22994ce2b3036ed6.pdf,html/reports/RL32781v59-2026-09-25-22994ce2b3036ed6-13f5696943e3.html,markdown/reports/RL32781v59-2026-09-25-22994ce2b3036ed6.md,22994ce2b3036ed69fe08d733ff266e5b3b9b6dfa04f70d882674405cce05e38,https://www.congress.gov/crs_external_products/RL/PDF/RL32781/RL32781.59.pdf,EveryCRSReport.com
RL34209,[Archived] Fishery Resource Disaster Assistance,2026-09-18,32,pdf/reports/RL34209v32-2026-09-18-0ff4536a4d586d54.pdf,html/reports/RL34209v32-2026-09-18-0ff4536a4d586d54-c5a51f5c49b7.html,markdown/reports/RL34209v32-2026-09-18-0ff4536a4d586d54.md,0ff4536a4d586d54ce7103549b7e94fa7ff94543daed79f5c60f456a5f2464f6,https://www.everycrsreport.com/files/2026-09-18_RL34209_3cf63aa0678ba9312866d47e209ce4d9814496fd.pdf,EveryCRSReport.com
RL34480,Enrollment of Legislation: Relevant Congressional Procedures,2026-09-23,11,pdf/reports/RL34480v11-2026-09-23-3140a436b82bbecb.pdf,html/reports/RL34480v11-2026-09-23-3140a436b82bbecb-9621a4000a8d.html,markdown/reports/RL34480v11-2026-09-23-3140a436b82bbecb.md,3140a436b82bbecb52b4fd04522e2179fd506fcdadeb610f79c0f72690940c24,https://www.everycrsreport.com/files/2026-09-23_RL34480_b20e01dc9571e75cfa99f477001ec1d38b8fbdbd.pdf,EveryCRSReport.com
RS20209,Instructing Senate Conferees,2020-11-13,6,pdf/reports/RS20209v6-2020-11-13-ea2e2ca045e09285.pdf,html/reports/RS20209v6-2020-11-13-ea2e2ca045e09285-bc823921bd7d.html,markdown/reports/RS20209v6-2020-11-13-ea2e2ca045e09285.md,ea2e2ca045e09285653674d3fd37570859cb1f9209db7c78d4cb0d55e3e83407,https://www.everycrsreport.com/files/2020-11-13_RS20209_31a6052dd883908c38839fba3170761c125a15d1.pdf,EveryCRSReport.com
RS20219,House Conferees: Restrictions on Their Authority,2021-02-09,5,pdf/reports/RS20219v5-2021-02-09-d0e968070abca2f1.pdf,html/reports/RS20219v5-2021-02-09-d0e968070abca2f1-c2ed45d78e52.html,markdown/reports/RS20219v5-2021-02-09-d0e968070abca2f1.md,d0e968070abca2f111eba90ab26defaf8bbf20f444b44b719ebc66aa1d2b294b,https://www.everycrsreport.com/files/2021-02-09_RS20219_60ca79d1dd334f4f95b6f0b59c7cc48aabf2bbba.pdf,EveryCRSReport.com
RS20227,House Conferees: Selection,2020-07-30,5,pdf/reports/RS20227v5-2020-07-30-0aba7f4a2f7e2cd8.pdf,html/reports/RS20227v5-2020-07-30-0aba7f4a2f7e2cd8-17acdf868d4f.html,markdown/reports/RS20227v5-2020-07-30-0aba7f4a2f7e2cd8.md,0aba7f4a2f7e2cd8af77f58672a57a930985c8687fd0cb0737d3b5d79a384b64,https://www.everycrsreport.com/files/2020-07-30_RS20227_3810ee38df6e6c40f6f27d5abe012527ea097f4b.pdf,EveryCRSReport.com
RS20785,The Senate Powersharing Agreement of the 107th Congress (2001-2003): Key Features,2021-01-11,6,pdf/reports/RS20785v6-2021-01-11-47acae14ea5f95e0.pdf,html/reports/RS20785v6-2021-01-11-47acae14ea5f95e0-f636e864ef22.html,markdown/reports/RS20785v6-2021-01-11-47acae14ea5f95e0.md,47acae14ea5f95e0f9f238dd63ce158e63b7119eed571885756fa1a9a2ffb2d1,https://www.everycrsreport.com/files/2021-01-11_RS20785_9397c5839bfa5ce949ab0fe0387ac42c1075db5c.pdf,EveryCRSReport.com
RS21852,The United Arab Emirates (UAE): Issues for U.S. Policy,2026-09-30,159,pdf/reports/RS21852v159-2026-09-30-b4a97bb3c8aa078e.pdf,html/reports/RS21852v159-2026-09-30-b4a97bb3c8aa078e-d367d5700db5.html,markdown/reports/RS21852v159-2026-09-30-b4a97bb3c8aa078e.md,b4a97bb3c8aa078ebb996fe0fe84e669d3e9f0edd583441e63c55bac1d19885a,https://www.congress.gov/crs_external_products/RS/PDF/RS21852/RS21852.159.pdf,EveryCRSReport.com
TE10024,"Terrible, No Good, Very Bad Ways of Funding Government: Exploring the Cost to Taxpayers of Spending Uncertainty Caused by Governing Through Continuing Resolutions, Giant Omnibus Spending Bills, and Shutdown Crises",2018-02-06,2,pdf/testimony/TE10024v2-2018-02-06-5b3efbf90c92bfa5.pdf,html/testimony/TE10024v2-2018-02-06-5b3efbf90c92bfa5-b092f450f636.html,markdown/testimony/TE10024v2-2018-02-06-5b3efbf90c92bfa5.md,5b3efbf90c92bfa511a48a69773725a3f13c9145772f50428cb1ac4c48266606,https://www.everycrsreport.com/files/2018-02-06_TE10024_ac5f70be9b07741159eba04fd81b55fe030eb31d.pdf,EveryCRSReport.com
TE10035,The Reauthorization of the Terrorism Risk Insurance Program,2019-06-18,1,pdf/testimony/TE10035v1-2019-06-18-a663f050bcd12fa9.pdf,html/testimony/TE10035v1-2019-06-18-a663f050bcd12fa9-1a7459079c48.html,markdown/testimony/TE10035v1-2019-06-18-a663f050bcd12fa9.md,a663f050bcd12fa98ff5cc2bd25a4e624be01633ae0b9ec49ad499b635797114,https://www.everycrsreport.com/files/2019-06-18_TE10035_fd678119eecbcfb439927bb693db504c155b00ec.pdf,EveryCRSReport.com
TE10036,Is the Tax Cuts and Jobs Act a Help or Hindrance to Main Street?,2019-07-24,1,pdf/testimony/TE10036v1-2019-07-24-c4749f7a1adb9d02.pdf,html/testimony/TE10036v1-2019-07-24-c4749f7a1adb9d02-2fc983b266d1.html,markdown/testimony/TE10036v1-2019-07-24-c4749f7a1adb9d02.md,c4749f7a1adb9d020cc1b661e60141c63694ef1e7c9a747dedc1477360762167,https://www.everycrsreport.com/files/2019-07-24_TE10036_d0a4f24f5ed900fa85fe5cff7184d6e0f459afa3.pdf,EveryCRSReport.com
TE10042,Protecting America: The Reauthorization of the Terrorism Risk Insurance Program,2019-10-16,2,pdf/testimony/TE10042v2-2019-10-16-78d78d6f25458bc2.pdf,html/testimony/TE10042v2-2019-10-16-78d78d6f25458bc2-cfb306bff537.html,markdown/testimony/TE10042v2-2019-10-16-78d78d6f25458bc2.md,78d78d6f25458bc2617de4317e744f70b8f582de9d79ccbf4a4bd52fa6b25f59,https://www.everycrsreport.com/files/2019-10-16_TE10042_6496f7bf5ee882af5391f58d730fce5710d72636.pdf,EveryCRSReport.com
TE10056,A Persistent and Evolving Threat: An Examination of the Financing of Domestic Terrorism and Extremism,2020-01-15,1,pdf/testimony/TE10056v1-2020-01-15-494660a84e943396.pdf,html/testimony/TE10056v1-2020-01-15-494660a84e943396-1dbc0dfa91ac.html,markdown/testimony/TE10056v1-2020-01-15-494660a84e943396.md,494660a84e9433967b4293db9c6ab0fe2b887b6284de9263fd2a96e34a13550f,https://www.everycrsreport.com/files/2020-01-15_TE10056_6e964eb9bb8e05cb5e5391051e8847e60d496db6.pdf,EveryCRSReport.com
